MSSV,Tin học,Nhập môn Công nghệ thông tin,Pháp luật,Giáo dục quốc phòng,Kỹ năng học tập,Giáo dục thể chất - Vovinam,Tiếng Anh 1.1,Tiếng Anh 1.2,Tiếng Anh 2.1,Tiếng Anh 2.2,Nhập môn lập trình,Xây dựng trang Web,Cơ sở dữ liệu,Lập trình PHP cơ bản,Lập trình cơ sở với JavaScript,Chính trị,Thiết kế Web với HTML5 & CSS3,Dự án mẫu (TKTW),Lập trình PHP 1,Thiết kế UI/UX,Kỹ năng phát triển bản thân,Lập trình Javascript nâng cao,Quản trị website,Lập trình ECMAScript,Dự án 1 (TKTW),Marketing trên Internet,NodeJS & Restful Web Service,Lập trình TypeScript,Lập trình Front-End Framework 1,Lập trình Front-End Framework 2,Khởi sự doanh nghiệp,Kỹ năng làm việc,Thực tập tốt nghiệp (TKTW),Dự án tốt nghiệp,,attendance_rate,assignment_avg,quiz_avg,late_submission,missed_deadlines
PC07988,9.9,6.7,6.7,7.7,,7.2,6.6,4.9,,,7.4,8.8,7.2,,8.9,8.3,9.0,8.5,6.4,7.0,7.0,1.0,6.0,6.0,5.9,6.2,,1.9,,0.2,0.4,,,,,0.79,7.5,7.4,1,0
PC08158,1.0,8.4,6.5,6.8,8.9,7.3,8.6,7.1,5.9,6.9,9.3,7.9,8.2,6.6,7.7,8.3,6.4,8.0,6.0,7.2,6.9,6.0,6.9,,6.8,7.4,,,,,6.2,7.7,1.0,,,0.72,7.5,7.2,1,1
PD10390,1.0,9.8,1.0,7.4,8.8,8.0,9.0,8.5,9.1,8.9,8.1,9.3,9.5,8.6,9.8,1.0,1.0,9.7,8.1,9.6,8.9,1.0,8.5,,8.6,9.8,,,,,7.2,6.4,,,,0.70,5.6,7.0,2,0
PI00278,7.5,7.6,7.2,5.8,7.7,6.9,5.8,5.7,,,6.5,7.0,6.9,6.4,7.8,9.0,5.0,4.2,5.6,5.7,5.0,5.1,2.4,5.1,5.3,5.9,,1.5,1.4,,6.5,4.2,,,,0.81,6.8,7.4,3,1
PK03392,5.6,7.2,5.8,7.8,6.8,6.4,6.7,6.8,6.1,,7.8,6.5,6.3,,7.4,7.5,9.0,,1.2,7.1,,5.4,2.6,,2.9,6.9,,,,,0.2,,,,,0.85,6.3,7.0,1,0
PK04272,1.0,8.5,6.5,6.4,6.5,,5.6,6.0,,,5.2,6.5,6.3,4.2,3.1,8.8,7.0,8.2,2.5,7.0,5.6,5.5,0.4,6.0,,0.5,1.9,3.1,0.6,3.1,,0.9,,,,0.53,4.6,3.7,4,2
PS13847,6.1,,7.3,5.5,6.8,5.7,9.2,7.8,8.6,8.4,7.3,6.4,5.6,,7.5,7.3,8.4,6.2,6.8,,,7.3,7.3,,6.4,7.6,,,,,6.5,6.4,1.0,,,0.69,6.4,5.3,3,0
PS23116,7.0,8.6,6.3,6.8,7.5,7.0,7.2,6.8,6.5,7.1,8.2,7.7,7.0,,7.1,8.2,8.3,7.7,5.6,4.4,,6.0,6.8,7.6,7.1,5.8,6.2,7.7,6.6,7.1,6.0,,,7.2,,0.34,6.1,7.2,3,1
PS23321,8.1,8.7,5.8,5.5,7.2,7.0,9.3,7.9,9.1,8.8,6.9,7.1,8.5,,8.3,7.7,7.2,7.0,7.5,,,5.4,8.1,8.3,8.1,8.8,6.2,7.4,7.1,7.0,7.0,,1.0,7.2,,0.76,7.1,5.4,2,0
PS24674,8.1,8.2,6.8,6.7,7.3,7.2,8.9,8.6,9.2,7.8,7.6,8.7,6.8,,8.5,9.2,7.7,6.4,5.4,,,7.0,7.4,,5.3,7.5,,,,,6.7,,1.0,,,0.81,6.5,6.2,2,0
PS26902,7.4,,8.0,6.3,8.6,,7.8,,,,6.2,7.4,7.0,,6.6,9.7,6.4,6.0,6.6,8.0,,5.1,7.2,5.7,5.3,7.3,6.6,,5.1,5.8,7.2,,,,,0.79,6.2,5.1,2,0
PS26986,9.2,8.4,7.8,5.8,7.9,7.1,8.7,8.4,8.0,8.1,7.8,8.0,6.3,,6.7,9.3,7.7,8.5,7.2,7.0,,9.5,7.4,5.8,6.5,6.5,6.1,7.0,5.5,5.8,7.7,,1.0,7.0,,0.73,5.8,5.4,1,1
PS27099,9.5,,7.2,7.2,7.1,7.3,7.2,7.4,6.4,6.9,7.1,6.9,7.9,,6.6,8.5,6.9,8.0,6.5,7.4,,5.9,5.9,,5.0,6.8,,,,,8.0,,1.0,,,0.70,6.6,5.6,3,1
PS27463,9.0,,6.7,7.7,7.0,7.1,6.0,5.0,6.7,,6.5,6.6,7.6,,7.4,8.8,5.6,0.8,5.8,7.9,,6.0,7.0,1.5,4.5,6.7,1.4,0.6,3.6,,8.8,,,,,0.68,5.3,7.3,1,1
PS27468,1.0,-,7.0,7.0,7.8,7.5,9.3,9.0,8.1,6.8,7.7,4.3,,-,7.3,9.3,5.7,7.2,5.6,5.5,-,5.9,1.0,-,5.0,7.7,-,-,-,-,9.6,-,,-,-,-0.70,6.8,5.5,3,1
PS27623,9.9,,7.5,6.3,6.6,7.5,7.9,8.3,7.2,7.5,8.0,7.7,8.5,,7.9,8.5,6.6,8.0,7.8,7.9,,7.5,6.3,,7.9,7.1,,,,,7.7,,1.0,,,0.68,6.8,6.0,3,1
PS27660,9.3,,8.7,7.3,7.1,7.7,7.4,6.5,7.1,7.4,7.1,7.4,8.7,,7.3,9.2,7.5,5.4,7.3,5.9,,7.0,5.2,,5.7,9.4,,,,,9.3,,1.0,,,0.76,6.4,6.7,3,1
PS27839,8.8,9.2,6.8,5.3,9.2,7.8,*,*,8.3,7.4,6.6,5.8,6.5,7.1,6.5,9.0,5.5,9.5,6.2,6.7,7.3,6.0,5.5,6.1,5.8,6.3,5.8,7.5,6.9,6.8,6.8,7.4,1.0,9.2,,0.73,7.2,7.0,2,1
PS27880,7.5,,8.3,6.5,7.1,7.4,6.3,6.0,7.0,6.5,5.8,6.4,6.4,,6.3,9.0,5.8,5.4,6.2,6.4,,6.0,6.3,5.8,6.0,6.4,5.7,6.2,6.6,6.8,9.3,,1.0,6.6,,0.82,7.0,5.8,1,1
PS27883,1.0,,8.0,6.5,8.5,8.0,7.9,7.4,7.3,7.5,8.1,7.1,8.3,,6.7,7.2,6.9,8.3,6.9,6.2,,8.5,6.8,,5.6,6.2,,,,,9.0,,1.0,,,0.80,5.3,6.3,3,1
PS28128,9.6,,7.0,6.0,7.8,7.0,7.1,7.8,5.7,7.6,8.4,8.0,6.3,,6.1,8.5,9.1,7.0,6.9,7.1,,6.0,6.4,6.7,5.9,8.5,6.7,5.8,7.0,7.2,7.7,,1.0,3.1,,0.73,5.6,6.9,3,0
PS28548,7.7,,6.8,8.5,7.8,7.3,8.8,7.3,7.3,6.9,7.0,6.9,7.8,,8.7,8.3,6.4,6.2,5.6,8.1,,,6.9,1.9,,6.3,0.6,,,,,,,,,0.69,7.4,5.1,3,0
PS28758,8.0,,6.2,6.8,7.9,,4.0,,,,6.9,6.7,6.3,,8.2,7.2,5.8,,,6.9,,,8.0,,0.7,0.2,3.7,1.1,,,,,,,,0.68,6.4,6.9,2,0
PS28890,9.7,,8.2,8.2,8.2,8.9,8.7,7.9,0.7,,9.9,8.5,9.1,,8.0,9.0,9.6,6.0,6.3,9.3,,8.0,7.7,6.9,6.5,8.1,5.7,6.0,2.3,0.4,7.2,,,,,0.69,5.1,7.5,3,0
PS28936,8.1,,7.2,8.8,7.8,8.4,9.6,8.3,8.5,7.4,7.4,6.9,8.5,,8.1,9.8,8.0,8.0,6.0,8.2,,6.0,8.8,6.1,6.3,8.1,3.6,2.9,5.4,,8.3,,,,,0.36,7.1,5.2,2,0
PS29103,7.7,,7.0,8.0,7.7,6.4,8.3,7.7,7.5,8.0,7.7,7.9,8.2,,8.2,9.2,9.1,7.0,7.9,7.2,,6.5,7.3,6.8,6.7,7.5,6.2,6.1,5.5,6.1,7.6,,1.0,6.2,,0.67,5.4,6.5,1,1
PS29130,7.6,,6.7,8.7,7.9,7.7,6.4,3.7,,,7.8,7.4,8.3,,8.4,9.0,8.3,5.5,6.3,7.7,,6.6,7.2,7.1,6.2,7.7,6.7,6.6,5.6,7.2,7.7,,1.0,5.9,,0.82,6.8,5.9,1,0
PS29246,7.7,,7.3,8.5,7.2,7.2,8.5,7.2,7.3,7.6,8.2,5.5,8.3,,7.6,,8.7,0.5,0.6,8.8,,0.3,8.0,,,7.3,,,,,,,,,,0.70,5.4,6.4,2,1
PS29646,1.0,,6.3,,7.8,6.8,8.5,7.3,7.4,,6.7,1.6,7.2,,3.1,7.8,,,,,,,,,,0.2,,,,,,,,,,0.82,5.4,6.6,3,1
PS29776,8.5,,7.0,8.8,8.1,,1.0,8.2,8.3,7.1,7.3,7.8,2.2,,7.4,7.2,6.5,7.3,6.3,6.7,,5.0,6.9,,5.8,6.6,,,,,,,1.0,,,0.73,6.0,7.3,2,1
PS30203,6.9,,7.7,8.0,8.8,,7.8,2.1,,,7.5,7.6,6.8,,6.8,9.2,8.0,5.0,6.0,7.8,,7.0,6.6,,6.7,6.9,6.4,,2.4,,6.4,,,,,0.70,6.1,5.0,3,0
PS30307,6.0,,6.5,7.3,6.2,8.0,6.2,6.1,5.9,6.5,6.5,8.4,6.6,,8.1,7.2,8.0,6.0,6.4,6.9,,5.4,7.3,,5.6,7.0,,,,,6.2,,1.0,,,0.73,7.0,6.0,2,0
PS30335,6.5,8.6,,5.5,7.5,5.9,8.1,7.5,5.6,7.4,5.9,6.0,0.3,1.8,1.1,,5.5,6.0,6.0,5.6,7.0,,7.5,5.3,2.7,5.6,2.5,3.1,2.0,1.5,6.8,,,,,0.81,5.1,6.7,3,0
PS30568,6.9,,8.0,6.5,6.2,6.7,6.5,6.8,5.7,6.1,6.6,5.9,6.2,,6.3,8.2,9.0,0.8,2.2,5.7,,5.6,7.1,5.8,6.3,7.1,6.7,6.4,6.9,5.6,7.6,,,3.2,,0.77,7.4,6.7,1,0
PS30731,7.0,,6.7,,7.2,7.0,8.6,8.0,6.4,7.0,8.1,6.1,7.6,,6.8,8.0,7.0,,5.0,5.7,,6.5,,,4.6,3.5,,,,,7.0,,,,,0.74,6.0,6.6,2,1
PS30882,8.0,9.0,8.5,8.5,7.6,1.0,7.8,7.3,7.9,7.4,7.5,6.8,7.7,,8.3,1.0,7.0,6.5,7.6,7.2,,7.5,8.4,,6.4,6.8,,,,,7.3,,1.0,,,0.84,7.2,5.8,1,0
PS31028,7.5,,7.2,5.7,9.1,,7.9,6.1,0.3,,6.5,7.0,3.2,,6.9,7.3,7.0,5.7,6.5,8.1,,6.0,6.6,5.5,6.6,6.6,5.4,5.1,,5.9,1.0,,,0.7,,0.70,6.8,5.4,1,0
PS31439,5.5,,5.8,7.8,6.9,7.2,6.1,6.3,,,5.0,8.7,2.8,,6.3,6.5,5.9,5.5,1.8,5.6,,5.3,5.8,5.2,7.1,3.3,5.4,5.7,6.1,,,,1.0,5.7,,0.78,5.3,6.1,2,1
PS31630,1.0,,8.2,7.7,6.7,6.9,7.4,6.7,,,6.0,7.3,6.5,,7.1,7.3,5.5,6.8,,5.8,,6.2,6.6,1.6,5.9,,5.3,,,,6.2,,1.0,3.0,,0.73,5.3,5.5,2,1
PS31786,1.0,,6.0,8.0,7.7,7.8,6.5,6.5,6.7,5.9,7.0,6.6,7.3,,7.4,8.3,1.0,5.5,7.2,7.3,,7.0,8.4,6.3,5.8,6.1,7.3,6.8,5.7,6.7,7.8,,1.0,7.0,,0.80,6.9,6.4,2,0
PS31939,1.0,,6.7,8.3,7.8,7.5,*,*,*,*,7.4,7.5,6.9,,7.6,8.3,6.0,6.8,8.9,6.7,,1.0,7.2,6.6,6.6,8.1,8.8,9.1,9.0,9.0,8.0,,1.0,5.9,,0.85,5.1,5.8,1,1
PS32105,8.3,,7.2,6.2,6.9,7.7,7.8,6.7,7.0,6.6,7.7,7.3,6.2,,7.9,8.5,8.1,5.6,6.1,8.0,,5.6,7.8,6.3,5.2,7.7,5.2,8.5,7.2,6.6,9.1,,1.0,5.9,,0.77,5.7,5.4,3,0
PS32496,8.9,,8.0,5.0,5.9,8.6,4.7,,,,5.7,8.9,6.5,,6.7,9.5,5.5,,6.7,7.2,,5.3,,5.4,5.9,7.9,6.1,3.3,1.9,7.9,6.2,,,3.5,,0.69,6.3,6.4,2,0
PS32517,8.8,,7.3,6.7,7.4,8.2,7.2,7.1,5.3,5.4,7.5,7.6,8.2,,6.3,9.0,7.5,5.7,6.2,7.7,,6.0,7.0,6.6,6.2,7.1,7.0,7.3,8.5,6.7,7.9,,1.0,6.1,,0.70,5.5,7.0,1,1
PS32645,9.9,,7.3,5.7,7.4,6.3,6.8,6.8,,,6.3,6.0,7.0,,6.6,8.5,7.0,5.0,5.5,7.0,,5.0,6.3,5.5,5.8,6.1,6.8,5.1,5.9,8.1,6.9,,1.0,7.5,,0.81,5.9,5.8,3,0
PS32675,8.0,,,5.3,7.4,,8.6,7.2,6.6,6.5,5.9,5.9,7.6,,6.0,7.3,8.4,6.0,6.4,7.9,,6.6,6.4,5.5,6.3,7.9,6.2,,6.5,6.1,6.3,,,6.9,,0.82,6.0,5.9,1,0
PS32679,7.8,,7.2,5.5,7.0,7.0,7.4,6.6,7.7,7.8,6.8,6.9,7.6,,5.6,7.5,5.6,6.6,7.1,6.1,,5.6,5.8,6.6,6.2,8.0,6.9,6.0,5.4,6.1,8.2,,1.0,6.5,,0.77,6.1,6.3,2,1
PS32787,7.8,,6.7,6.3,7.2,7.2,5.9,6.7,6.3,5.9,7.0,6.1,7.9,,8.4,8.0,7.0,7.0,6.1,6.1,,5.4,7.8,6.2,6.7,9.2,5.7,8.2,5.4,7.5,7.0,,1.0,5.8,,0.66,6.1,5.8,3,1
PS32791,8.8,,6.3,,0.5,,6.7,6.6,6.0,6.6,6.9,6.2,8.0,,6.8,9.0,5.5,7.1,6.2,6.7,,6.0,7.7,,6.1,8.2,,,,,7.8,,1.0,,,0.66,6.3,5.4,2,0
PS32947,8.3,,8.2,7.7,7.0,7.6,*,*,9.6,8.8,9.6,6.7,7.6,,7.8,9.2,9.0,8.3,8.1,8.6,,7.5,8.9,7.8,6.7,7.5,8.2,8.9,8.4,7.9,9.5,,1.0,7.9,,0.73,7.0,6.0,3,1
PS33053,9.0,,9.3,,6.7,7.1,1.0,8.9,8.5,8.7,9.2,5.5,8.3,,7.5,8.3,5.5,7.5,6.2,7.8,,5.4,4.9,6.4,3.7,7.6,5.7,6.8,5.7,5.6,9.4,,,,,0.76,6.2,5.8,1,0
PS33086,7.5,,8.0,8.5,6.8,6.7,8.3,6.6,6.6,6.9,8.6,7.2,6.7,,7.6,8.8,6.7,5.6,5.4,8.2,,6.0,7.3,6.3,6.5,5.5,5.6,5.6,6.2,7.7,7.8,,1.0,5.9,,0.67,6.4,5.4,3,0
PS33092,7.5,,7.2,7.2,7.5,6.9,6.4,7.4,6.6,7.7,6.2,5.9,7.6,,7.1,8.5,8.0,6.0,6.5,8.1,,6.4,7.9,6.2,8.4,8.0,6.9,6.8,6.5,6.4,8.4,,1.0,6.5,,0.77,7.5,6.4,3,0
PS33430,8.0,,8.0,,6.6,7.2,7.0,6.7,6.5,6.5,5.7,6.7,7.5,,3.3,9.7,7.9,6.9,6.5,,,,7.2,,3.5,6.7,,0.2,,,5.8,,,,,0.75,6.6,7.0,3,0
PS33524,8.5,,8.0,8.0,8.4,6.9,7.1,7.3,7.5,6.9,6.8,6.3,7.2,,6.1,8.5,8.8,7.6,8.6,5.2,,8.0,6.8,7.8,5.5,7.6,5.3,5.7,8.3,7.2,6.9,,1.0,6.2,,0.77,6.2,6.4,3,0
PS33644,7.3,,6.7,5.8,7.7,7.1,6.9,5.7,7.5,6.1,6.8,7.2,7.2,,6.9,7.8,7.0,6.8,6.6,7.4,,6.0,7.6,6.0,6.2,7.7,5.9,6.3,5.8,7.2,6.0,,1.0,6.9,,0.81,5.1,5.0,3,0
PS33659,1.0,,7.2,5.5,8.6,7.8,6.4,6.2,6.5,7.5,7.2,9.0,8.5,,6.8,8.2,9.3,6.0,8.2,7.3,,6.0,7.5,5.7,6.6,8.6,8.1,7.0,6.2,7.6,8.1,7.6,1.0,6.3,,0.66,6.4,7.2,2,1
PS33697,6.5,,7.2,7.3,8.3,6.8,6.5,5.0,6.0,6.1,6.8,6.8,8.0,,7.0,8.8,7.6,6.8,7.4,7.8,,7.5,7.3,6.2,6.6,5.9,6.4,6.6,7.2,5.3,5.0,,1.0,7.8,,0.82,7.5,7.1,1,0
PS33864,7.3,,6.2,6.7,6.9,6.3,7.6,6.2,6.7,6.3,7.7,6.0,7.7,,7.1,6.8,7.0,6.3,6.2,6.7,,7.0,7.6,5.7,6.0,7.3,5.9,6.1,5.6,6.1,9.1,,1.0,6.8,,0.80,5.4,5.1,3,0
PS33950,9.6,,9.2,*,8.6,6.4,*,*,9.8,8.5,9.7,9.8,9.5,,8.2,9.0,9.0,6.3,8.5,6.5,,1.0,7.0,7.6,6.2,8.7,7.8,8.0,6.3,7.0,1.0,,1.0,6.3,,0.83,7.3,7.0,2,0
PS33956,7.2,,9.3,7.2,7.4,8.2,6.6,6.4,7.3,6.1,6.0,5.9,8.1,,7.1,9.2,8.7,9.0,6.4,8.3,,6.4,8.5,,5.3,7.6,,,,,8.3,,1.0,,,0.74,7.3,5.3,3,1
PS33960,6.4,,9.5,7.3,7.2,6.6,9.0,8.0,6.5,7.2,5.6,5.4,7.0,,7.2,7.8,9.0,9.0,5.8,7.0,,5.0,7.5,6.2,5.5,7.7,5.7,6.1,6.8,5.6,7.9,,1.0,6.0,,0.67,5.1,5.7,2,0
PS33994,8.1,,8.0,6.0,7.1,7.8,6.9,7.0,7.1,6.9,6.8,6.1,9.0,,9.5,8.7,1.0,8.6,9.5,6.5,,7.4,8.3,,6.3,7.8,,,,,9.4,,1.0,,,0.78,5.1,5.9,2,1
PS34070,9.0,,8.2,5.8,7.3,8.3,8.0,7.2,7.7,7.1,7.4,5.9,7.9,,6.1,8.2,9.5,5.5,6.9,6.3,,8.0,9.0,7.4,7.2,6.9,7.8,7.1,8.1,6.7,1.0,,,1.0,,0.82,6.2,5.5,3,0
PS34143,9.3,,7.3,7.3,8.2,7.2,9.0,8.1,7.0,7.3,8.2,5.6,8.5,,8.0,9.5,7.5,1.0,9.1,7.4,,7.0,8.7,9.5,6.2,6.6,9.0,6.0,6.5,5.6,6.1,,1.0,7.1,,0.69,6.7,7.1,3,1
PS34324,8.4,,6.0,9.0,6.8,8.2,7.2,5.8,6.9,7.2,8.1,7.0,7.0,,6.2,8.8,9.8,8.5,7.9,6.6,,6.0,5.6,,5.9,6.8,,,,,7.5,,1.0,,,0.78,5.6,7.2,1,1
PS34337,8.6,,8.0,7.0,7.2,7.3,8.4,6.9,8.2,6.5,8.1,8.5,7.7,,6.9,9.8,8.0,5.9,7.4,7.6,,6.4,7.4,,7.6,8.9,,,,,9.7,,1.0,,,0.80,5.9,5.1,1,0
PS34428,7.8,,6.3,7.8,7.6,7.4,5.9,4.3,,,7.0,7.5,7.5,,6.3,7.2,1.0,5.5,6.8,6.9,,5.6,5.6,,5.4,7.4,,,,,7.3,,1.0,,,0.83,5.7,7.2,2,0
PS34624,6.0,,7.5,7.2,7.7,6.6,9.2,7.1,7.6,6.6,9.1,8.0,7.9,,7.9,7.7,6.2,9.8,7.7,7.1,,8.9,6.0,7.9,7.9,6.3,6.6,6.8,5.8,6.4,8.1,,1.0,7.8,,0.81,5.8,5.8,2,1
PS34715,7.5,,7.5,7.2,6.9,6.9,9.6,8.0,7.8,7.6,8.0,8.9,7.7,,9.0,9.8,5.5,5.5,6.6,7.4,,7.0,7.5,7.3,6.2,8.3,7.3,5.8,8.5,6.9,7.3,,1.0,6.2,,0.81,6.8,6.3,1,0
PS34793,7.0,,7.5,7.0,7.0,6.4,8.4,6.4,1.2,,7.9,7.4,1.2,,6.3,8.2,1.0,9.5,6.4,6.5,,7.5,7.3,5.7,5.9,7.4,5.6,6.7,,6.4,7.7,,,6.9,,0.74,6.5,6.4,2,1
PS35011,8.5,,6.7,7.5,6.8,7.3,8.9,6.9,7.8,7.2,8.3,5.4,7.2,,5.9,7.5,7.7,5.7,6.6,6.1,,8.5,6.6,,6.5,5.8,,,,,7.6,,1.0,,,0.80,6.6,6.2,3,1
PS35127,6.0,,1.0,6.3,7.5,7.5,9.2,8.0,7.9,7.1,8.3,7.8,8.9,,7.6,7.3,8.0,6.8,6.3,7.5,,8.8,8.2,5.0,6.5,6.7,6.6,,6.3,3.0,8.0,,,1.8,,0.81,5.0,6.8,3,0
PS35801,5.0,,7.2,7.7,6.2,7.1,7.0,6.2,6.3,6.7,6.6,6.2,8.0,,8.2,8.7,9.0,6.0,6.6,5.1,,5.0,8.5,5.9,8.4,8.2,5.9,6.5,6.2,5.7,8.5,,1.0,6.5,,0.80,7.3,7.0,1,1
PS35972,9.0,,7.5,8.8,6.9,6.9,6.3,7.5,5.4,,7.1,7.4,7.3,,7.5,9.2,7.0,0.5,0.7,5.9,,6.0,8.0,2.2,7.0,8.0,6.3,3.1,5.6,6.8,8.3,,,,,0.68,7.4,5.0,2,1
PS36155,1.0,,7.5,*,5.8,7.5,*,*,8.8,8.0,8.3,5.6,6.8,,5.2,9.0,5.7,6.0,5.5,6.9,,8.3,5.8,,5.1,6.4,,,,,8.2,,,,,0.85,6.4,6.6,2,0
PS36179,8.0,,6.7,7.7,4.4,7.7,9.7,8.3,7.6,7.9,7.4,6.4,8.0,,6.4,8.2,,,7.4,7.7,,6.6,6.8,,4.3,4.8,,,,,6.1,,,,,0.69,5.5,6.1,1,1
PS36181,7.0,,6.8,7.2,6.8,7.2,6.5,6.0,4.4,,7.1,6.1,5.8,,6.5,8.2,5.5,0.8,,6.9,,6.0,7.4,,4.0,7.6,,,,,6.1,,,,,0.74,5.1,7.0,1,1
PS36338,8.4,,7.2,7.3,7.1,7.9,7.0,,,,7.6,6.7,8.5,,7.8,9.2,9.0,,6.5,8.0,,,,1.3,,7.4,,1.3,,,1.0,,,,,0.85,7.3,6.0,2,1
PS36407,7.6,,1.0,7.2,7.8,7.0,7.7,5.8,,,7.4,6.5,,,,6.3,0.2,,,,,,,,,5.6,,,,,,,,,,0.71,7.3,5.5,3,1
PS36453,1.0,,6.3,7.8,6.4,6.8,8.6,6.8,6.1,6.3,5.6,7.4,6.3,,6.1,8.7,6.0,6.0,6.1,6.7,,6.0,7.0,6.2,5.3,5.8,5.3,,,,7.0,,,,,0.71,5.8,5.1,1,1
PS36589,9.0,,6.3,6.2,,8.3,8.4,7.8,,,6.5,6.3,0.3,,6.3,,,0.5,,,,,2.1,,,,6.4,,,,0.8,,,,,0.80,6.0,5.8,1,0
PS36881,9.9,,6.8,8.8,,8.6,7.1,7.4,7.7,6.5,9.3,9.2,9.7,,9.1,8.5,5.0,7.5,6.7,9.0,,6.5,8.2,,7.8,8.1,,,,,7.0,,1.0,,,0.73,6.2,6.2,3,0
PS37097,8.7,,8.7,7.5,,7.5,5.8,6.6,6.1,7.4,5.9,6.9,8.2,,6.1,8.5,6.5,5.4,5.6,6.4,,5.0,6.9,,6.8,5.3,,,,,6.8,,,,,0.71,5.4,6.2,3,0
PS37195,8.1,,7.7,*,7.6,6.3,8.0,6.4,7.7,,8.0,6.9,7.8,,7.2,8.2,8.5,9.4,7.9,7.7,,8.5,8.3,0.4,,8.9,2.4,,,,8.7,,,,,0.85,6.1,6.4,2,1
PS37201,1.0,9.2,8.5,8.3,,8.8,8.7,8.5,7.7,7.8,1.0,9.3,7.1,,9.1,8.5,9.0,9.7,8.4,8.7,,8.0,7.8,,7.5,8.8,,,,,9.1,,1.0,,,0.66,5.1,6.4,1,1
PS37211,6.5,8.3,8.2,8.2,,8.4,9.1,8.7,8.7,8.0,8.9,7.2,7.5,,8.0,8.8,6.0,6.5,7.4,8.4,,8.0,8.2,,6.1,6.7,,,,,8.5,,1.0,,,0.70,7.1,5.8,2,1
PS37217,1.0,9.6,7.2,8.5,,7.9,8.5,8.1,7.5,7.1,1.0,9.8,9.2,,9.4,8.2,9.0,8.8,9.8,8.4,,9.5,9.2,,8.6,8.6,,,,,9.0,,1.0,,,0.77,5.8,7.1,3,1
PS37226,1.0,8.9,8.5,8.2,,8.0,8.4,7.9,6.8,6.8,9.5,8.0,6.8,,7.8,8.8,6.0,6.0,6.9,8.6,,9.3,8.4,,6.4,7.6,,,,,8.2,,1.0,,,0.69,7.0,5.8,2,0
PS37232,8.5,7.8,7.2,7.0,,7.1,6.7,6.1,6.5,6.1,9.5,6.2,7.4,,7.6,8.0,7.0,7.3,6.1,7.0,,6.7,7.1,,6.1,7.0,,,,,7.4,,1.0,,,0.76,6.6,7.1,3,1
PS37238,1.0,7.9,7.8,9.0,,6.9,7.4,7.8,6.6,7.2,1.0,6.2,8.4,,7.8,9.2,9.5,7.5,6.9,8.4,,9.5,9.1,,6.2,8.3,,,,,9.8,,1.0,,,0.78,5.3,6.2,2,0
PS37253,1.0,9.2,8.0,9.3,,7.9,8.8,7.6,8.1,7.5,9.9,9.3,8.4,,9.2,9.7,9.0,9.5,9.6,8.7,,1.0,8.7,,8.0,8.8,,,,,9.8,,1.0,,,0.32,5.1,6.5,3,1
PS37304,5.0,7.6,7.2,5.7,,6.4,7.7,6.5,,,7.4,3.1,1.2,,4.0,8.7,,,1.4,,4.0,0.5,,2.0,,,3.0,2.7,,,6.8,7.4,,,,0.41,3.5,2.0,4,4
PS37339,8.5,8.1,7.5,7.2,,,*,*,8.9,8.9,9.5,6.9,8.2,3.7,8.3,8.0,7.2,7.5,7.4,8.1,7.0,7.0,6.7,5.7,0.7,8.6,6.6,7.5,2.1,2.8,6.3,7.3,,,,0.68,5.1,6.3,2,1
PS37383,1.0,9.4,8.2,9.3,,8.6,8.4,8.4,7.7,7.4,1.0,8.9,8.4,,8.7,8.7,8.4,9.3,9.4,8.7,,9.5,8.6,,7.9,8.3,,,,,9.2,,1.0,,,0.66,5.2,6.5,3,1
PS37424,1.0,8.7,7.7,8.7,,8.0,8.7,8.1,8.2,7.2,8.7,7.4,8.3,,8.2,9.5,6.0,7.5,7.6,8.1,,9.3,8.2,,7.2,7.5,,,,,8.8,,1.0,,,0.77,6.7,6.3,2,1
PS37457,1.0,8.1,7.7,7.7,,7.4,8.6,7.8,7.2,7.6,8.7,6.4,7.7,,7.6,8.5,6.0,7.0,7.1,7.5,,8.3,7.4,,7.3,7.0,,,,,7.5,,1.0,,,0.75,5.4,7.4,3,1
PS37465,8.0,9.2,8.2,9.3,,7.5,8.7,7.8,6.3,6.6,8.9,7.2,7.3,,8.4,8.8,9.2,8.0,6.7,7.9,,7.5,7.2,,6.9,6.6,,,,,8.3,,1.0,,,0.79,7.0,6.5,1,1
PS37469,9.7,9.0,8.2,8.8,8.3,8.4,8.0,7.0,6.9,8.2,8.8,9.2,9.6,9.1,9.4,8.7,1.0,9.2,8.1,9.4,8.5,1.0,8.8,,8.1,9.4,,,,,6.3,8.1,1.0,,,0.75,6.8,5.4,3,0
PS37561,8.5,8.0,7.2,6.7,,8.0,8.5,6.7,6.9,7.5,9.0,7.4,7.1,8.3,7.8,8.0,8.2,8.0,6.3,7.8,8.1,6.0,8.3,,5.8,6.7,,,,,6.1,7.9,1.0,,,0.70,7.2,6.7,2,1
PS37566,1.0,9.3,7.7,8.5,,8.1,8.5,7.7,8.3,8.0,9.5,9.0,8.9,,8.7,9.5,9.0,8.5,8.7,8.3,,7.3,8.6,,8.2,8.6,,,,,8.8,,1.0,,,0.72,5.7,7.3,2,1
PS37567,1.0,8.4,7.8,7.7,,8.1,*,*,7.9,8.4,9.7,8.2,7.6,,8.3,6.8,6.0,7.5,7.7,8.6,,9.5,8.4,,6.9,8.2,,,,,8.7,,1.0,,,0.76,6.9,7.1,3,1
PS37569,9.0,9.1,7.7,6.8,,6.8,8.7,8.0,7.6,8.0,8.8,8.5,7.1,,9.0,9.0,7.0,7.8,8.7,7.9,,9.8,7.4,,6.7,7.6,,,,,7.0,,1.0,,,0.75,6.7,5.5,1,0
PS37587,1.0,8.9,8.7,*,,7.3,7.5,6.5,6.9,6.4,8.1,7.5,7.3,,6.0,7.7,5.0,7.5,7.2,8.1,,7.5,8.2,,5.6,7.4,,,,,6.7,,1.0,,,0.37,5.9,5.2,3,1
PS37591,1.0,9.0,8.3,8.7,8.1,8.2,*,*,*,8.9,8.8,8.0,8.3,9.1,8.5,9.8,9.7,7.7,7.4,8.4,8.6,8.0,8.2,8.0,7.2,9.1,7.3,8.4,7.9,8.2,7.5,7.8,1.0,7.7,,0.84,5.1,5.2,1,0
PS37606,8.0,8.4,7.5,*,,7.3,7.4,7.1,7.5,7.4,9.3,6.4,6.4,,7.1,8.2,6.0,8.0,6.9,7.9,,6.5,7.0,,5.8,7.8,,,,,7.2,,1.0,,,0.73,6.0,7.0,3,1
PS37608,9.9,8.3,8.0,7.0,8.1,8.1,*,*,*,7.9,9.1,8.0,8.6,9.9,7.8,9.2,7.5,8.0,9.2,8.5,8.0,9.7,7.4,,7.1,7.0,,,,,7.0,7.8,1.0,,,0.84,7.0,5.5,3,0
PS37640,8.7,8.2,7.3,6.5,7.5,8.0,*,*,*,9.2,8.1,8.0,8.4,7.7,8.3,9.3,6.7,6.8,6.4,6.9,7.5,5.8,6.0,,6.2,6.9,,,,,6.7,5.9,1.0,,,0.84,6.0,6.5,3,1
PS37642,8.5,7.4,7.3,8.8,7.7,7.8,6.6,7.0,7.5,7.0,7.3,6.7,7.6,7.1,7.3,7.5,6.0,7.0,6.0,7.4,6.5,7.0,5.7,,6.6,6.8,,,,,6.3,6.2,1.0,,,0.65,6.5,6.3,1,0
PS37668,1.0,8.3,7.7,8.7,,8.1,8.5,7.4,7.7,7.2,8.2,6.9,7.3,,7.8,9.2,6.0,7.3,7.9,8.1,,7.5,8.1,,7.2,8.8,,,,,7.5,,1.0,,,0.75,5.5,6.8,2,1
PS37678,8.0,8.2,7.2,7.3,,7.2,7.7,6.8,7.4,7.4,8.0,7.7,6.5,,8.3,7.3,6.0,7.0,6.4,7.9,,6.5,8.2,,6.2,6.3,,,,,7.4,,1.0,,,0.85,6.6,7.4,1,1
PS37685,9.0,7.8,8.0,6.7,,7.4,8.7,7.5,8.0,6.8,9.4,7.2,7.8,,7.3,7.8,7.0,6.3,7.3,7.1,,8.5,7.4,,5.9,7.1,,,,,8.5,,1.0,,,0.78,6.0,6.3,2,0
PS37701,1.0,8.8,6.5,8.0,,8.0,8.1,7.3,7.5,7.4,1.0,9.3,9.0,,8.6,8.8,9.2,9.3,9.5,8.0,,9.5,8.2,,6.4,8.3,,,,,8.2,,1.0,,,0.65,6.7,6.2,1,1
PS37704,7.6,6.0,1.0,6.0,5.1,7.2,5.6,,,,6.1,5.6,7.2,6.7,6.2,0.5,7.0,6.0,6.6,6.1,,6.0,5.7,5.9,5.7,6.0,5.1,6.3,6.0,5.7,6.3,6.7,,5.0,,0.65,7.2,6.6,3,1
PS37782,7.5,8.4,7.5,8.7,6.5,7.1,8.1,8.3,7.4,7.5,9.9,6.4,3.4,7.4,7.8,8.7,5.0,1.0,7.2,4.3,6.6,7.0,7.1,5.9,6.5,6.7,6.4,7.5,6.6,7.0,1.0,6.9,,3.5,,0.72,5.6,5.9,3,1
PS37784,8.0,7.8,7.0,5.5,7.2,7.6,6.8,7.6,5.3,6.4,7.3,5.6,2.8,,4.5,6.5,,0.8,0.8,6.5,6.8,,6.6,2.1,0.5,0.2,3.0,2.3,,,5.9,,,,,0.70,5.4,6.5,2,0
PS37891,7.0,8.9,7.2,6.5,,7.8,7.7,6.4,6.2,6.4,7.6,8.8,7.1,,8.3,8.2,5.0,7.0,6.1,7.9,,6.5,7.4,,5.6,7.3,,,,,7.8,,1.0,,,0.78,5.9,5.5,1,0
PS37956,8.8,8.1,9.5,8.8,7.2,7.8,6.0,7.3,6.6,6.0,6.4,6.9,7.8,6.5,7.1,5.8,6.5,8.0,6.2,6.3,7.0,5.9,,,6.6,6.7,,,,,8.4,6.2,1.0,,,0.70,6.9,5.9,2,1
PS37996,8.4,8.7,7.2,7.3,7.1,7.4,6.7,6.4,7.2,6.8,7.6,7.2,7.6,7.1,5.8,8.2,7.7,6.8,6.0,7.3,6.1,8.0,5.8,,6.8,6.6,,,,,6.1,5.9,1.0,,,0.32,5.8,4.6,3,1
PS37997,8.8,8.8,8.2,9.0,7.7,8.6,*,*,*,7.8,8.7,7.5,8.4,7.3,7.3,8.2,6.7,6.7,6.4,8.4,8.3,6.0,7.2,6.5,6.0,8.0,5.9,6.9,6.8,6.5,7.9,7.7,1.0,6.3,,0.74,6.2,7.1,2,0
PS37998,8.8,8.8,8.2,9.0,7.7,8.6,*,*,*,7.8,8.7,7.5,8.4,7.3,7.3,8.2,6.7,6.7,6.4,8.4,8.3,6.0,7.2,6.5,6.0,8.0,5.9,6.9,6.8,6.5,7.9,7.7,1.0,6.3,,0.69,6.1,7.2,2,0
PS38004,1.0,9.0,6.8,9.0,7.8,8.3,7.7,7.8,8.4,8.0,8.9,7.9,8.8,9.2,7.5,7.7,8.8,7.9,7.5,8.3,8.0,9.8,6.6,7.8,7.2,7.7,7.6,8.2,8.4,8.3,8.2,8.0,1.0,7.7,,0.75,5.3,5.2,2,0
PS38044,1.0,9.0,6.8,9.0,7.8,8.3,7.7,7.8,8.4,8.0,8.9,7.9,8.8,9.2,7.5,7.7,8.8,7.9,7.5,8.3,8.0,9.8,6.6,7.8,7.2,7.7,7.6,8.2,8.4,8.3,8.2,8.0,1.0,7.7,,0.81,6.3,7.1,3,1
PS38048,8.7,8.9,7.5,8.0,8.4,8.3,7.6,7.3,6.8,7.8,8.9,8.7,8.9,9.1,9.3,9.8,8.5,7.9,7.6,7.9,8.2,1.0,6.7,,6.9,7.5,,,,,6.5,8.0,1.0,,,0.69,6.2,5.4,3,0
PS38066,9.9,8.4,9.0,8.7,8.4,8.3,8.0,8.6,8.6,8.2,9.6,9.3,8.5,9.2,9.4,1.0,9.5,9.3,8.7,9.3,7.9,1.0,8.6,,8.2,9.3,,,,,7.2,8.1,1.0,,,0.78,5.8,6.5,2,1
PS38084,7.0,8.2,7.7,7.0,7.8,7.9,6.3,7.4,5.9,7.3,8.3,6.0,8.2,7.3,9.0,8.5,8.0,6.2,5.9,9.1,7.1,1.0,8.2,,7.3,7.3,,,,,8.2,6.3,1.0,,,0.79,7.1,7.1,2,1
PS38092,8.9,8.3,6.8,8.5,7.8,8.0,7.6,6.7,6.2,6.5,9.0,7.1,8.2,6.7,7.1,8.7,5.7,6.6,8.4,6.9,7.6,7.0,5.9,5.9,5.7,7.0,6.2,7.0,7.7,8.5,7.0,8.0,1.0,7.2,,0.79,7.1,6.1,2,0
PS38095,5.6,7.1,8.0,7.7,1.2,,5.9,5.6,5.8,6.1,7.1,,,,,,,,,,,,1.8,,,1.2,,,,,,,,,,0.84,6.3,6.2,2,1
PS38101,8.9,8.3,7.7,6.3,8.5,7.5,7.8,7.0,6.9,7.7,7.9,7.0,7.1,7.7,5.9,8.5,8.5,7.3,6.5,6.7,7.7,6.0,6.1,6.3,5.9,7.7,6.3,7.3,7.3,8.1,7.0,7.8,1.0,8.4,,0.79,7.2,6.9,3,0
PS38102,9.4,7.5,7.0,7.0,8.0,7.5,7.7,7.3,7.0,7.3,4.2,6.0,6.2,6.6,1.8,,6.5,5.0,1.1,2.5,7.0,1.0,1.7,0.7,,0.4,,,,,,,,,,0.76,5.6,5.5,2,0
PS38130,5.8,8.1,6.2,5.3,7.4,8.2,*,*,7.4,7.4,6.6,6.9,6.2,6.8,5.8,8.5,7.2,7.5,6.0,6.6,8.0,6.0,7.1,6.8,5.7,7.4,5.5,7.1,6.4,6.3,6.3,7.0,1.0,7.1,,0.85,7.2,6.9,3,1
PS38137,7.8,8.3,7.5,7.7,7.7,7.5,6.6,7.3,6.6,7.1,8.0,7.1,8.0,7.7,8.3,1.0,8.7,6.2,6.5,7.4,7.9,6.0,6.8,6.4,5.9,7.6,6.7,8.5,6.8,7.4,7.2,7.7,1.0,7.4,,0.81,5.3,6.5,3,0
PS38149,1.0,9.1,7.3,9.0,9.0,8.7,9.0,8.6,8.7,8.5,9.4,8.5,9.5,9.0,8.1,8.2,8.5,8.0,7.8,7.3,8.8,1.0,6.6,,6.9,7.3,,,,,6.7,8.0,1.0,,,0.71,5.5,6.7,1,0
PS38174,7.8,8.0,8.0,6.5,8.1,7.1,7.0,6.4,6.4,7.0,7.3,7.1,8.3,8.4,7.5,9.8,7.7,6.0,6.0,6.8,7.5,6.0,6.2,6.4,5.9,6.7,6.2,7.5,6.7,5.9,6.9,7.2,1.0,6.0,,0.74,5.1,6.5,3,0
PS38200,8.2,8.4,6.5,*,7.7,7.9,6.6,5.1,5.4,7.2,8.1,7.0,7.1,8.8,6.6,8.5,6.5,8.7,6.5,8.1,7.4,8.0,6.6,5.7,6.1,7.3,5.7,7.4,8.0,8.7,7.0,7.3,1.0,9.1,,0.70,6.2,5.0,1,0
PS38206,7.8,8.3,6.3,7.3,7.7,7.4,6.7,7.0,7.2,7.4,8.3,7.0,7.6,7.2,7.3,8.7,7.2,6.5,5.8,7.2,7.7,7.0,6.6,,6.5,6.7,,,,,6.2,7.6,1.0,,,0.85,5.2,6.8,3,1
PS38243,1.0,9.1,8.3,8.7,8.1,7.5,8.3,8.2,8.4,7.9,8.7,8.6,8.9,9.2,8.0,9.0,9.5,8.7,7.4,7.3,8.1,1.0,6.7,,6.6,7.3,,,,,7.0,7.8,1.0,,,0.79,5.4,5.8,3,0
PS38249,9.9,8.3,8.0,6.5,6.9,8.2,7.7,6.9,7.9,7.7,8.5,8.2,8.8,7.7,7.8,9.0,8.7,6.5,6.4,8.6,7.7,7.0,6.3,,6.9,9.2,,,,,6.4,7.5,1.0,,,0.65,5.6,7.3,2,1
PS38277,8.9,8.4,6.0,7.7,7.6,7.7,7.4,7.6,7.7,8.0,8.0,9.1,8.2,7.9,8.7,9.2,9.2,7.8,7.5,8.6,7.9,8.0,6.7,,7.2,9.2,,,,,7.1,7.6,1.0,,,0.66,6.9,6.5,1,1
PS38292,8.8,8.6,8.7,8.0,8.0,7.7,*,*,*,7.7,9.7,7.8,8.8,8.8,7.6,9.8,8.2,9.5,7.3,7.1,8.0,1.0,7.3,,6.3,7.5,,,,,6.4,7.2,1.0,,,0.68,5.3,7.1,2,1
PS38332,7.6,7.2,7.7,7.0,6.6,6.7,7.6,8.2,7.8,7.4,6.8,6.9,7.3,7.2,8.0,8.7,8.7,5.5,5.6,6.8,7.7,6.0,6.7,6.3,5.9,6.3,6.6,8.1,6.9,8.2,7.9,7.8,1.0,8.4,,0.84,5.5,6.0,2,0
PS38342,1.0,9.3,7.3,9.2,8.1,7.5,*,*,*,8.1,9.8,9.4,9.4,9.7,9.4,9.0,1.0,8.8,7.5,8.3,8.4,8.9,7.6,,8.3,8.3,,,,,6.4,7.9,1.0,,,0.67,6.9,5.3,1,0
PS38355,7.6,7.6,6.5,8.8,7.5,7.7,7.5,7.8,6.7,6.4,7.9,6.3,6.8,7.7,5.9,8.0,5.0,,7.0,6.1,7.8,7.6,5.4,,7.3,6.6,7.2,7.7,2.2,0.6,7.0,7.5,1.0,7.5,,0.80,6.2,5.4,3,1
PS38364,8.2,8.0,9.0,9.0,6.9,7.6,7.8,7.2,7.5,6.7,7.1,7.2,7.9,7.7,5.5,9.0,7.1,7.1,6.9,6.8,7.6,7.9,5.5,,6.2,7.1,,,,,6.3,6.7,,,,0.71,6.9,5.3,2,0
PS38412,8.0,7.8,7.5,7.3,6.6,8.1,6.4,6.4,6.6,5.9,7.1,8.1,8.3,7.1,7.5,8.7,7.7,6.0,8.0,6.7,7.6,6.0,6.2,6.3,6.1,6.4,6.3,7.7,6.9,6.2,7.0,7.3,1.0,6.6,,0.80,5.3,7.1,3,0
PS38421,8.7,7.7,8.2,7.8,7.1,8.2,8.0,8.0,7.6,7.7,7.3,6.9,8.6,8.4,8.9,9.0,8.5,9.0,7.4,7.8,8.4,1.0,7.1,,7.5,9.0,,,,,6.9,7.8,1.0,,,0.82,6.9,5.2,1,0
PS38435,8.7,9.0,6.7,*,7.4,7.5,*,*,7.3,8.0,7.7,7.4,8.0,7.0,7.3,7.7,5.8,8.4,5.9,6.9,7.6,6.5,6.2,6.3,5.7,7.4,5.3,6.6,7.1,7.1,7.6,8.7,,7.2,,0.75,5.8,7.1,1,1
PS38442,9.4,8.3,6.2,9.0,7.4,8.2,6.8,7.4,5.9,6.4,7.2,7.4,7.5,6.9,6.2,7.0,7.0,6.5,5.6,8.0,7.4,6.0,8.2,6.5,6.4,8.2,7.0,6.3,8.0,6.3,6.9,7.4,,8.4,,0.71,5.1,7.3,3,1
PS38450,7.7,7.9,6.8,9.3,7.2,7.7,6.8,7.4,6.7,5.5,6.5,6.8,7.3,7.4,5.7,7.8,6.5,6.1,6.2,5.7,7.4,1.0,5.4,3.5,1.7,6.3,,,,,,,,,,0.75,7.3,6.8,1,0
PS38466,9.8,7.6,9.5,7.7,6.6,7.2,7.3,7.0,7.2,7.8,7.5,7.4,7.1,7.1,7.5,9.0,7.2,6.8,7.0,6.4,6.9,6.0,5.8,6.3,4.3,6.6,,,,,,,,,,0.83,5.6,7.3,1,1
PS38476,9.9,8.2,8.5,7.7,6.6,7.6,8.2,7.7,7.9,7.6,9.5,8.6,8.7,7.7,8.7,9.5,7.7,7.6,6.6,8.2,7.6,1.0,6.8,,7.5,8.9,,,,,6.6,6.7,1.0,,,0.79,6.9,6.4,2,0
PS38485,8.0,8.0,8.8,7.8,7.3,7.4,7.0,7.0,7.0,7.1,7.4,6.8,8.0,7.0,7.6,8.5,6.7,7.0,6.3,7.1,7.6,6.0,6.1,6.1,6.4,6.5,6.4,8.1,7.1,7.9,7.4,7.3,1.0,7.6,,0.71,6.8,7.2,2,1
PS38487,5.8,8.8,6.8,,7.4,7.8,7.6,6.0,,,9.7,,,,,9.2,,,,,,,0.1,,,8.6,,,,,7.1,7.9,,,,0.78,5.2,5.3,1,0
PS38490,1.0,8.4,8.7,6.8,6.9,7.1,6.6,5.9,6.9,6.1,9.7,7.2,6.7,7.7,6.0,1.0,5.5,8.4,5.6,6.8,6.5,6.0,6.5,6.6,5.7,6.1,5.8,7.2,6.1,6.6,7.0,8.0,1.0,8.0,,0.70,6.1,5.3,3,0
PS38491,8.6,8.1,6.3,9.7,6.8,8.3,7.0,6.9,4.1,,7.8,6.1,6.7,7.0,5.8,7.8,6.0,,5.4,,2.2,1.0,,,,,,,,,,,,,,0.78,5.3,6.2,2,0
PS38499,8.7,8.3,5.3,,7.5,7.4,7.5,6.2,,,7.8,,,,,8.7,,,,,,,0.1,,,8.4,,,,,7.3,7.9,,,,0.50,7.0,3.1,2,1
PS38517,8.0,9.1,7.5,7.3,7.4,7.8,7.0,7.5,7.3,6.2,5.8,6.9,6.9,5.9,7.3,8.3,5.6,7.5,5.4,6.8,6.7,5.1,7.3,6.2,6.6,6.1,5.9,6.8,6.5,6.7,7.2,7.0,1.0,6.5,,0.74,5.8,5.1,1,1
PS38522,7.0,8.6,8.0,6.2,7.4,7.2,6.4,6.2,7.1,7.2,8.6,8.2,6.6,7.1,8.1,8.8,7.5,6.0,6.0,6.6,5.7,5.6,6.9,6.8,6.6,6.9,5.7,6.8,6.4,7.7,6.9,6.9,1.0,6.6,,0.84,7.3,5.7,1,1
PS38561,7.2,8.4,7.3,7.8,7.6,7.8,7.5,7.9,7.6,6.9,6.1,7.2,6.5,6.2,8.1,7.8,5.6,5.8,5.5,7.1,6.3,5.0,7.4,6.9,6.8,5.9,5.7,6.0,6.2,6.8,7.0,7.2,1.0,6.0,,0.66,5.3,6.7,1,0
PS38587,8.7,9.2,7.7,6.0,7.8,7.1,7.6,7.7,7.8,7.4,6.8,7.9,7.0,6.6,7.7,8.8,6.7,7.5,5.8,8.2,7.1,5.1,8.2,6.4,6.8,6.7,6.3,6.3,5.5,7.2,7.0,7.1,1.0,7.4,,0.71,5.6,6.7,2,1
PS38589,9.0,8.6,7.5,7.0,8.0,7.7,7.1,8.0,8.2,7.6,8.2,8.0,7.8,6.9,8.1,8.2,6.1,8.0,7.3,8.0,7.4,8.8,8.1,,6.1,7.6,,,,,8.2,7.9,1.0,,,0.84,6.0,5.8,2,0
PS38597,7.9,8.7,7.8,6.0,7.2,7.9,6.0,6.5,5.8,7.1,8.0,7.2,6.7,6.0,8.1,9.3,5.7,6.8,6.4,8.2,7.1,7.4,7.1,,6.2,7.7,,,,,8.7,5.0,1.0,,,0.82,6.8,5.0,3,1
PS38619,8.0,8.4,6.2,8.2,7.4,8.1,7.5,7.1,6.7,7.6,7.4,7.6,7.2,6.8,8.2,9.7,6.4,6.0,7.4,8.4,7.5,9.5,9.3,,8.3,8.5,,,,,9.2,7.9,1.0,,,0.84,7.2,5.7,3,1
PS38621,9.9,9.1,7.5,6.0,7.0,8.0,6.6,7.1,,,7.5,7.6,9.0,6.6,7.2,8.7,5.8,5.2,5.9,7.9,8.2,5.1,8.0,5.8,6.3,8.5,5.6,7.6,5.7,6.2,8.6,6.1,1.0,7.0,,0.67,5.5,6.9,3,0
PS38622,1.0,8.3,8.2,7.3,7.8,8.0,7.2,7.7,6.0,7.3,8.7,9.2,7.3,7.2,8.1,9.2,5.7,9.5,6.2,8.1,7.5,9.0,8.4,,6.7,8.1,,,,,8.1,7.8,1.0,,,0.84,5.1,5.3,2,1
PS38634,7.5,8.5,7.5,8.2,7.0,8.0,7.6,7.9,8.1,,5.8,6.2,6.7,1.5,2.7,7.2,,,,,0.8,0.1,4.2,,3.7,,,,,,,,,,,0.77,6.2,5.8,3,1
PS38640,1.0,8.6,7.8,8.2,7.1,8.6,7.5,8.6,6.6,7.4,7.9,9.1,8.3,8.2,7.6,8.8,6.4,7.5,8.2,8.0,7.5,5.5,8.3,7.3,6.4,7.7,7.4,6.7,7.0,6.8,7.2,6.9,1.0,7.1,,0.68,6.2,7.2,1,0
PS38659,1.0,8.9,8.5,7.8,7.8,7.7,8.0,8.4,7.8,8.0,7.2,8.3,7.8,7.7,7.6,9.8,8.0,8.0,7.8,8.4,8.1,6.1,9.7,6.7,6.5,7.6,7.1,6.7,7.5,7.8,7.3,7.9,1.0,7.4,,0.67,6.4,7.0,1,1
PS38672,1.0,8.9,8.0,9.2,8.2,8.8,7.6,8.6,8.5,7.0,9.6,9.8,9.9,8.9,9.7,9.0,9.2,6.1,7.4,6.8,7.5,6.0,8.2,,5.1,7.3,,,,,6.7,8.0,1.0,,,0.65,5.6,7.3,2,0
PS38677,1.0,8.3,8.3,6.3,7.0,7.5,7.3,7.4,7.6,7.5,6.7,8.4,7.4,7.4,8.1,9.7,6.5,8.5,6.8,7.4,7.5,5.5,8.1,6.9,5.9,7.9,7.0,6.7,7.2,7.1,7.2,6.8,1.0,7.0,,0.83,5.6,5.3,1,0
PS38683,8.8,8.5,7.0,7.5,6.5,7.4,7.2,6.6,6.8,7.0,5.9,5.1,7.8,5.8,6.3,9.2,5.6,6.0,5.6,7.1,7.7,5.0,6.5,7.5,8.4,5.4,7.5,5.1,5.2,6.1,7.9,6.1,,4.9,,0.76,7.3,5.7,3,0
PS38708,7.0,8.3,6.8,6.7,6.6,7.3,6.4,7.2,7.4,7.0,5.9,6.7,7.8,7.7,6.2,8.8,7.0,6.0,6.7,7.1,7.3,5.3,7.6,5.7,5.9,6.8,7.0,5.1,5.1,5.4,5.9,5.8,,4.9,,0.45,7.1,3.8,2,1
PS38721,9.1,9.0,7.3,8.8,8.1,8.1,7.1,8.4,7.3,7.7,7.3,7.6,7.4,6.8,7.9,8.8,6.3,6.0,7.1,8.4,7.8,7.0,8.7,,6.4,8.0,,,,,9.3,7.6,1.0,,,0.67,6.6,5.6,2,1
PS38725,9.4,8.6,6.7,8.0,7.0,9.1,7.0,7.7,7.9,5.5,9.2,7.2,8.3,7.5,7.6,8.5,6.7,5.5,5.9,6.7,7.4,6.2,6.7,,6.8,7.1,,,,,5.7,7.2,1.0,,,0.66,6.4,5.1,1,0
PS38726,6.7,8.2,5.8,9.2,7.7,7.5,7.1,7.1,4.7,,6.6,5.9,7.5,6.7,5.9,6.7,5.1,4.4,4.2,,6.4,1.0,5.4,,,,,,,,,,,,,0.73,6.6,7.4,3,1
PS38727,1.0,9.0,7.2,7.2,6.8,8.7,6.5,6.9,7.0,6.3,7.1,8.4,8.5,6.0,6.6,9.2,8.8,7.8,7.4,7.7,7.1,7.0,8.2,6.4,6.6,7.8,7.1,6.5,7.6,7.7,6.7,7.1,1.0,6.9,,0.70,6.5,6.4,3,0
PS38735,9.9,9.7,6.8,8.0,7.2,7.8,6.9,6.8,7.3,6.5,9.6,9.2,8.9,8.3,7.9,8.3,8.5,7.5,8.5,9.4,7.5,1.0,9.5,8.6,6.7,8.4,9.2,8.4,9.7,9.7,6.4,7.9,1.0,8.7,,0.81,6.6,5.7,2,0
PS38740,8.5,8.8,8.2,7.2,8.2,7.9,7.5,8.0,8.1,6.9,9.4,8.4,8.8,8.1,7.4,8.3,5.5,5.6,7.5,6.8,7.5,8.0,8.0,,6.8,7.7,,,,,6.4,6.8,1.0,,,0.73,7.5,7.0,2,1
PS38744,9.0,8.9,7.7,7.7,7.0,7.8,6.9,6.3,7.2,6.8,7.8,9.3,7.9,7.9,6.9,8.5,8.5,6.7,7.6,8.9,7.3,9.0,8.3,6.8,6.7,8.7,6.4,6.7,7.1,8.3,6.3,7.5,1.0,7.3,,0.67,6.4,5.0,3,0
PS38753,9.1,8.9,7.8,8.2,7.4,7.5,6.7,6.6,5.6,5.9,8.2,7.9,8.7,8.2,6.9,9.0,5.5,5.3,6.2,6.6,7.2,7.9,7.5,,6.0,7.2,,,,,6.3,7.9,1.0,,,0.85,7.1,5.8,2,1
PS38767,7.6,8.8,8.7,7.7,7.6,8.2,6.5,6.5,5.9,6.4,6.7,8.0,8.1,7.2,6.0,9.8,5.5,5.2,6.2,8.9,7.4,9.0,6.4,7.1,6.7,7.8,6.8,6.3,7.9,7.7,6.5,8.1,1.0,8.4,,0.81,5.0,6.4,3,1
PS38788,8.6,8.4,7.3,7.0,7.0,8.1,6.8,8.0,7.4,6.6,7.0,7.1,8.6,7.1,6.0,8.5,7.5,5.6,6.4,8.9,7.3,8.0,6.5,6.6,6.7,7.9,7.3,6.2,7.4,6.8,6.0,7.5,1.0,8.4,,0.77,6.3,6.5,3,0
PS38793,8.0,8.8,9.2,6.8,6.5,8.5,6.1,7.0,6.2,6.5,9.6,9.8,9.1,8.9,9.2,1.0,7.5,8.7,9.2,8.6,7.7,9.5,9.4,,8.3,8.3,,,,,8.0,8.1,1.0,,,0.39,7.3,7.8,3,1
PS38805,8.5,8.8,7.8,7.8,7.9,7.4,6.8,7.7,7.8,6.4,8.3,8.0,8.8,7.5,6.3,8.7,6.5,5.6,6.5,7.0,7.0,6.9,7.6,,6.5,7.6,,,,,6.7,6.8,1.0,,,0.75,5.5,7.2,2,0
PS38821,7.7,8.1,,5.0,8.1,7.1,6.4,6.5,5.5,5.4,8.4,8.8,8.3,8.9,8.2,,7.5,8.9,9.4,9.3,7.9,9.0,9.3,7.6,7.9,9.3,8.5,7.9,8.8,9.0,7.2,8.0,1.0,8.7,,0.68,5.2,7.2,1,1
PS38870,7.4,9.1,6.8,7.7,8.6,7.9,7.3,7.2,7.4,6.0,7.8,8.8,7.8,6.8,7.7,8.0,7.5,7.6,7.8,9.3,7.1,9.0,8.6,6.5,8.4,7.8,8.2,7.5,9.2,9.7,6.5,7.7,1.0,7.5,,0.66,7.5,6.0,3,0
PS38871,9.5,8.8,7.3,7.8,8.4,7.4,6.6,6.9,7.3,5.6,8.2,7.2,7.7,6.8,6.1,7.5,5.5,5.7,7.1,9.3,7.4,6.0,8.8,5.9,8.3,7.2,6.3,5.9,7.8,8.3,5.9,7.6,1.0,7.0,,0.74,5.6,5.2,2,0
PS38905,7.6,8.3,6.7,*,7.1,8.3,7.5,7.1,6.3,7.2,6.9,6.1,7.6,7.4,5.7,7.2,6.5,6.0,6.2,7.1,6.1,6.0,6.1,6.1,5.7,6.5,5.5,6.6,6.3,6.4,6.9,7.3,1.0,9.0,,0.84,6.5,7.1,1,0
PS38919,6.9,8.8,4.7,8.3,8.0,8.7,7.3,6.7,7.3,,7.1,7.5,7.8,6.8,6.4,8.0,8.0,,5.6,,,1.0,,,,,,,,,,,,,,0.73,7.5,5.4,3,0
PS38930,1.0,9.5,7.2,7.5,8.5,8.8,8.6,8.6,8.6,7.6,8.1,9.6,9.1,8.7,8.6,9.3,8.5,7.7,8.0,9.1,8.1,1.0,9.1,8.2,7.9,9.5,8.1,6.5,9.1,8.1,7.9,7.9,1.0,8.2,,0.77,6.7,6.0,1,0
PS38932,9.7,8.4,6.5,5.7,8.1,8.0,7.5,7.5,7.1,5.6,7.6,8.0,7.7,6.5,5.7,8.2,5.5,5.6,5.7,6.9,7.2,6.0,6.9,5.5,6.3,6.6,5.1,5.1,5.5,5.6,5.8,6.5,,6.5,,0.77,6.7,7.2,1,0
PS38934,7.6,8.5,7.7,7.2,8.3,8.5,7.7,7.4,7.9,6.5,7.0,8.6,8.2,8.1,7.6,8.8,8.5,8.9,6.8,8.5,7.3,8.0,7.9,6.9,6.3,7.6,6.1,6.3,8.5,5.8,6.0,7.5,1.0,7.1,,0.66,7.3,7.1,2,0
PS38935,7.2,8.4,6.3,6.5,7.4,8.5,6.2,6.4,,,6.5,7.0,7.4,5.7,5.8,8.2,7.5,5.0,5.6,8.0,7.0,6.0,7.7,6.2,6.4,6.9,5.4,6.3,6.1,6.4,6.5,6.0,1.0,6.9,,0.77,6.3,6.7,1,1
PS38936,7.2,8.9,6.0,6.2,8.2,8.5,6.8,6.4,7.4,1.8,6.5,6.8,7.5,6.7,5.9,7.0,5.5,5.6,6.0,3.5,7.2,,7.8,,,3.5,,,,,,,,,,0.76,6.1,5.7,3,0
PS38952,9.0,8.6,8.2,6.5,6.9,8.8,7.1,7.2,7.6,6.8,8.0,7.1,7.6,6.9,7.5,9.5,7.7,5.5,7.2,6.8,7.0,6.0,6.8,,6.6,5.8,,,,,6.5,7.0,1.0,,,0.73,5.2,5.8,3,1
PS38959,8.9,8.8,6.7,6.8,8.1,8.4,7.1,7.6,6.8,6.9,7.9,7.7,8.0,8.8,7.6,8.8,7.5,7.1,6.4,8.9,7.2,8.0,6.8,6.8,6.3,6.3,6.5,8.1,9.1,8.4,6.5,7.2,1.0,7.3,,0.70,5.3,6.1,2,1
PS38963,9.9,9.8,6.7,7.5,8.5,8.3,8.4,9.0,8.3,8.1,8.3,9.7,8.2,7.5,8.3,7.7,9.4,9.0,7.5,9.3,8.5,1.0,9.7,8.2,7.8,9.6,8.7,9.5,8.7,9.6,8.0,8.2,1.0,8.7,,0.92,9.4,8.7,0,0
PS38964,9.0,9.6,7.5,7.3,8.1,8.3,7.4,7.4,8.0,7.6,7.9,9.2,7.9,9.0,8.9,9.5,9.0,6.5,9.2,9.4,7.5,1.0,8.8,8.7,7.9,9.2,8.9,8.9,9.6,9.7,7.3,8.4,1.0,8.8,,0.99,7.8,8.3,1,0
PS38972,8.4,8.9,7.0,6.8,8.3,8.2,7.0,7.8,7.7,7.1,8.1,9.5,8.3,8.3,7.5,9.3,9.0,6.6,7.2,8.5,7.7,8.0,7.8,,6.4,9.5,,,,,6.9,8.1,1.0,,,0.73,6.2,5.1,3,0
PS38973,1.0,9.3,6.3,7.0,8.0,7.5,7.9,8.5,8.7,7.5,8.8,9.6,8.4,8.4,8.1,7.3,9.3,7.0,8.6,9.0,7.0,9.5,8.5,,8.0,7.5,,,,,7.2,7.0,1.0,,,0.78,6.5,7.3,3,1
PS38974,8.5,8.0,8.2,8.5,8.6,8.2,8.2,7.3,7.7,7.4,7.7,9.1,9.7,9.6,9.2,9.8,6.8,7.5,8.7,7.5,7.9,6.0,8.5,8.0,8.0,8.1,6.8,6.8,7.6,7.1,8.8,8.1,1.0,8.0,,0.80,6.1,7.3,1,1
PS38982,8.5,8.0,8.2,8.5,8.6,8.2,8.2,7.3,7.7,7.4,7.7,9.1,9.7,9.6,9.2,9.8,6.8,7.5,8.7,7.5,7.9,6.0,8.5,8.0,8.0,8.1,6.8,6.8,7.6,7.1,8.8,8.1,1.0,8.0,,0.73,6.4,7.0,2,1
PS38985,8.3,8.2,6.5,8.2,8.4,7.2,6.7,5.5,6.2,,6.5,7.8,7.8,7.0,7.0,7.3,7.0,5.5,6.1,,,6.7,,,7.9,6.9,9.0,7.2,7.0,7.1,7.0,5.8,,,,0.77,6.8,5.3,2,1
PS38989,9.0,8.3,6.0,9.2,7.7,8.0,8.1,8.0,7.0,7.1,9.6,9.2,9.6,7.9,8.5,9.5,8.6,8.8,8.2,7.5,7.8,1.0,7.6,,7.8,8.6,,,,,7.6,7.6,1.0,,,0.85,6.8,5.0,3,1
PS39050,9.6,7.4,7.2,7.3,8.0,8.2,7.6,6.5,7.8,7.4,8.1,8.1,7.9,6.9,7.1,8.3,8.7,7.6,6.6,6.3,6.9,6.0,6.6,6.5,6.5,6.2,5.9,7.3,6.6,7.4,6.6,7.6,1.0,9.0,,0.82,5.7,5.1,3,0
PS39061,1.0,8.9,9.5,8.0,8.1,8.7,7.6,7.6,8.2,7.7,9.3,1.0,9.7,8.8,8.4,8.2,9.8,9.4,6.8,8.3,7.4,8.0,9.3,6.6,6.7,9.1,8.3,9.2,6.6,8.4,8.5,7.9,1.0,8.4,,0.70,6.3,5.2,3,1
PS39076,8.5,8.9,9.0,8.2,7.6,8.1,8.6,7.7,8.0,9.0,8.6,8.0,9.8,8.7,8.4,9.2,6.8,8.8,7.6,8.6,7.9,8.0,9.2,,8.6,8.1,,,,,9.4,7.9,1.0,,,0.89,7.7,8.0,1,0
PS39077,9.8,8.9,7.5,8.8,7.6,7.7,*,*,*,7.8,9.1,8.1,8.5,8.5,8.1,8.3,7.8,6.8,7.3,8.1,8.0,9.8,7.2,,7.9,7.8,,,,,6.9,7.7,1.0,,,0.70,6.0,7.5,2,1
PS39079,6.8,8.0,8.3,6.8,7.2,8.5,6.9,6.8,6.6,7.0,8.4,6.9,7.5,9.3,8.5,8.8,1.0,9.5,8.8,7.8,5.9,8.9,8.3,,8.2,9.1,,,,,6.7,7.5,1.0,,,0.76,7.1,7.3,3,1
PS39083,9.0,8.2,8.7,5.7,6.6,8.2,8.2,7.9,7.0,7.6,8.1,7.6,7.8,9.3,8.6,9.0,9.0,8.8,8.1,8.4,5.6,1.0,9.3,,8.0,9.1,,,,,8.0,7.5,1.0,,,0.76,7.2,6.1,1,0
PS39093,9.3,8.7,8.2,8.2,8.1,8.3,8.5,8.4,7.3,7.5,8.8,8.3,8.6,9.7,9.3,9.3,1.0,1.0,9.2,8.6,8.1,1.0,9.1,,8.6,9.3,,,,,9.0,7.9,1.0,,,0.68,5.2,5.3,2,0
PS39101,7.2,8.7,8.0,6.3,7.2,6.5,7.0,7.0,7.1,7.1,7.1,7.1,7.4,7.5,7.8,8.3,9.5,5.6,5.4,6.4,8.0,5.9,7.5,7.8,6.8,9.1,6.9,6.3,8.0,7.4,7.6,7.0,1.0,7.7,,0.78,5.2,5.9,3,0
PS39104,8.0,9.0,9.0,7.5,6.9,7.2,8.0,7.6,8.4,7.6,8.2,8.0,9.2,9.1,9.2,9.7,9.5,1.0,9.4,8.4,7.7,1.0,9.2,,8.6,9.2,,,,,6.8,7.9,1.0,,,0.70,5.4,6.7,3,1
PS39109,7.0,8.6,8.8,7.3,6.7,7.4,7.9,7.4,7.4,7.5,9.0,9.3,9.2,9.9,9.3,1.0,1.0,1.0,9.6,8.4,8.0,1.0,9.6,,8.6,8.0,,,,,9.4,7.9,1.0,,,0.78,5.7,6.4,3,1
PS39112,8.4,8.3,7.5,*,7.8,8.6,6.6,7.7,7.3,7.6,9.2,8.7,9.2,8.8,8.2,9.0,8.9,8.8,6.7,7.0,7.3,6.0,6.1,6.8,6.8,7.0,6.3,8.8,8.4,8.5,7.7,7.9,1.0,7.7,,0.74,5.3,6.7,2,0
PS39127,5.5,6.5,8.0,6.5,6.5,6.7,7.4,6.4,5.5,5.7,7.6,7.0,7.5,7.0,6.5,8.8,8.5,6.3,7.1,6.7,6.2,6.7,5.9,7.8,6.8,8.6,6.7,6.1,7.5,6.7,7.5,6.5,1.0,7.1,,0.76,6.3,5.6,1,1
PS39144,8.0,8.7,8.7,7.7,7.4,8.2,8.0,7.8,7.3,7.1,8.2,9.0,7.4,9.5,9.0,9.0,9.5,8.0,7.4,8.0,7.0,1.0,7.6,,8.1,9.0,,,,,8.1,7.6,1.0,,,0.83,7.2,5.9,3,1
PS39163,9.5,8.7,7.7,8.2,7.5,7.2,7.6,8.0,8.3,7.8,7.9,9.2,8.6,9.3,9.5,9.0,9.0,1.0,9.3,8.8,8.5,1.0,8.9,,8.3,8.8,,,,,8.8,7.9,1.0,,,0.65,5.3,6.3,3,0
PS39189,7.8,7.7,8.2,7.0,6.8,7.1,7.5,6.6,6.6,6.9,6.7,7.3,7.0,5.8,6.3,8.7,8.5,5.5,5.6,6.0,6.7,7.0,6.1,5.7,5.8,7.3,6.1,6.1,8.1,7.3,6.9,6.2,1.0,7.9,,0.84,6.0,7.1,1,0
PS39242,9.0,8.4,9.0,9.2,7.2,8.1,7.9,8.2,7.4,7.5,7.5,8.9,8.3,7.2,8.0,9.2,5.5,8.0,9.3,9.0,8.5,8.0,9.6,,7.2,8.0,,,,,7.7,8.2,1.0,,,0.67,6.1,5.4,3,0
PS39278,1.0,8.8,6.8,8.8,7.5,8.6,8.1,7.5,7.8,7.5,9.6,9.1,8.9,8.7,8.8,7.7,8.2,9.0,7.7,9.2,7.9,9.0,8.1,8.1,7.2,8.4,8.4,8.8,9.6,8.8,6.9,8.3,1.0,8.6,,0.81,5.7,6.6,1,1
PS39286,7.5,7.8,8.7,8.7,6.2,6.5,7.5,7.2,6.9,7.4,8.8,7.9,8.2,7.3,7.2,9.5,7.5,7.0,8.9,7.3,8.3,1.0,6.4,,6.8,7.5,,,,,7.8,7.3,1.0,,,0.68,5.0,6.9,2,1
PS39311,9.2,8.2,8.3,8.7,6.5,8.2,6.9,7.4,7.8,7.6,8.0,8.1,8.0,8.2,8.4,9.2,9.0,7.0,8.9,9.1,8.0,8.0,9.1,7.7,7.9,9.3,8.0,7.6,9.6,8.1,7.4,7.5,1.0,8.7,,0.81,6.6,6.7,2,0
PS39334,6.8,8.1,8.7,7.3,8.2,7.3,7.4,5.4,6.7,6.5,7.8,8.7,6.2,7.2,7.6,8.8,9.3,8.0,8.9,8.5,8.0,6.0,5.9,6.3,7.7,7.8,5.9,6.3,5.5,8.4,6.6,6.8,,0.5,,0.73,7.0,6.3,3,1
PS39335,8.8,9.1,7.7,7.5,7.0,7.7,7.8,7.5,6.6,6.9,7.9,9.1,9.8,8.3,7.5,1.0,9.3,7.5,1.0,8.6,8.4,6.0,9.2,9.3,7.9,8.2,8.4,8.3,8.7,9.7,7.2,7.1,1.0,8.9,,0.72,7.2,6.7,2,1
PS39337,7.8,8.7,8.0,8.7,6.2,8.1,7.6,7.3,7.0,6.5,7.1,8.6,8.3,7.7,8.3,1.0,6.5,6.5,9.5,8.5,8.2,6.0,7.9,8.6,7.4,8.0,7.2,6.7,7.6,9.4,6.6,6.8,1.0,8.3,,0.68,6.0,6.3,1,1
PS39352,5.9,8.3,7.7,7.3,7.1,8.2,7.3,8.0,8.0,7.9,7.9,8.5,8.2,8.8,8.4,9.2,5.5,7.4,8.2,8.4,7.1,7.0,6.7,,7.0,8.1,,,,,7.4,8.4,1.0,,,0.71,6.0,7.2,3,1
PS39361,1.0,8.8,8.0,6.2,5.5,8.4,6.7,5.9,6.8,6.3,8.8,8.1,8.9,6.9,8.4,8.8,7.6,8.0,8.0,6.7,7.4,7.5,9.4,,5.1,6.3,,,,,6.5,6.8,1.0,,,0.78,5.8,7.4,3,1
PS39388,6.3,8.0,7.5,7.8,5.7,8.2,6.5,7.5,5.7,,7.0,7.9,6.0,7.4,6.9,8.8,5.0,6.6,6.3,5.9,5.6,5.4,6.8,,5.3,7.2,,,,,5.9,7.0,1.0,,,0.66,6.0,5.8,3,1
PS39417,6.0,7.7,7.8,6.5,6.0,7.1,6.4,6.6,,,8.1,6.0,7.7,7.7,6.0,9.3,7.5,6.5,6.0,6.0,6.3,6.0,5.6,5.6,6.7,6.2,5.2,7.5,6.4,7.5,6.4,6.8,1.0,1.8,,0.74,6.1,7.2,3,0
PS39500,8.0,7.2,8.7,7.3,6.9,8.6,8.2,8.0,7.9,7.7,8.2,8.2,7.6,8.0,7.6,9.3,6.0,7.2,7.6,8.7,8.1,7.4,7.5,,7.0,8.2,,,,,6.8,7.8,1.0,,,0.85,5.7,5.8,2,1
PS39587,9.0,8.4,6.8,5.3,7.0,8.2,6.3,6.3,6.9,6.8,8.3,7.9,8.4,5.4,7.8,7.7,5.2,7.2,6.2,7.5,7.6,7.0,6.5,,6.1,8.1,,,,,6.3,6.9,1.0,,,0.84,7.0,5.1,1,1
PS39595,9.0,8.1,7.2,8.2,6.9,8.1,6.5,6.0,7.0,6.6,7.9,8.3,8.4,6.5,7.8,8.5,7.3,6.9,6.2,7.5,7.6,7.7,7.5,,6.4,7.7,,,,,6.4,7.2,1.0,,,0.73,7.4,5.4,1,0
PS39636,7.5,8.5,7.3,8.2,7.4,8.5,7.4,6.6,3.0,,8.4,6.7,8.1,7.1,7.1,5.8,8.5,0.5,3.1,3.0,0.7,6.0,4.5,2.3,0.5,1.1,3.5,3.1,,3.1,6.2,,,,,0.68,6.0,6.8,3,1
PS39640,1.0,7.2,6.0,8.0,7.3,7.7,,,,,7.1,6.8,8.7,5.8,6.3,8.3,6.0,0.3,2.4,6.7,1.5,7.8,,,6.1,6.4,,,,,1.0,1.3,,,,0.84,6.9,5.2,3,0
PS39697,8.0,8.0,7.8,8.5,7.3,8.1,7.2,6.0,7.9,7.1,7.6,6.9,7.3,6.6,6.4,8.7,5.5,5.3,6.1,7.0,7.7,6.0,7.1,6.3,5.9,7.7,7.4,7.4,8.4,6.5,7.0,5.6,1.0,7.0,,0.73,5.6,7.1,3,1
PS39705,1.0,8.3,6.3,7.0,7.7,8.6,6.5,7.4,5.8,6.3,8.4,8.9,9.1,5.5,7.9,7.0,5.6,5.7,5.7,7.8,7.9,6.0,7.8,,5.5,6.2,,,,,5.8,6.5,1.0,,,0.72,5.1,7.3,2,1
PS39830,8.5,7.6,6.8,7.7,7.7,6.8,8.3,7.3,5.9,6.8,8.0,8.1,9.7,5.6,7.3,8.0,8.9,8.5,,6.5,7.4,7.0,5.6,,5.8,7.3,7.3,5.3,6.6,6.4,8.0,7.5,,,,0.70,7.1,5.1,1,1
PS39861,1.0,9.5,7.8,8.7,7.8,8.0,8.2,8.3,8.0,7.3,8.9,9.6,9.6,8.8,8.8,9.2,1.0,9.3,8.6,7.8,7.8,1.0,7.9,,7.1,8.1,,,,,7.3,8.0,1.0,,,0.83,5.5,6.8,2,0
PS39900,8.5,8.6,8.3,7.3,7.1,8.0,7.9,8.0,8.9,6.8,8.0,9.3,9.6,8.5,9.0,9.7,8.6,9.4,8.3,7.6,7.6,7.9,7.9,,5.8,8.0,,,,,6.2,7.3,1.0,,,0.69,5.4,5.0,2,1
PS39913,9.5,9.1,7.7,8.2,8.2,8.4,7.9,7.7,8.6,7.9,9.5,9.0,9.4,9.3,9.2,9.3,8.5,9.0,9.1,7.9,8.5,8.0,8.6,,7.5,8.2,,,,,6.8,7.9,1.0,,,0.92,8.4,7.7,0,0
PS40037,7.4,8.6,7.3,6.3,6.6,7.7,6.7,6.0,7.0,6.2,7.3,7.5,6.7,6.8,6.5,8.5,6.0,7.0,5.6,6.9,5.9,6.4,5.5,5.3,5.8,7.0,5.4,5.9,5.3,5.8,5.7,6.3,1.0,6.5,,0.38,7.5,5.7,3,0
PS40061,9.0,9.3,7.3,7.8,7.8,7.8,6.9,7.0,7.8,6.6,8.7,9.4,9.6,7.1,8.2,9.7,9.0,6.3,7.7,8.1,8.0,8.0,8.7,,6.9,9.4,,,,,7.9,5.7,1.0,,,0.83,5.9,6.7,2,1
PS40063,9.0,8.7,9.0,8.3,6.3,7.8,6.9,7.3,7.4,7.9,7.5,9.3,9.2,7.6,8.5,8.2,7.0,8.5,8.3,8.6,7.1,7.0,8.8,,6.7,8.2,,,,,7.2,5.8,1.0,,,0.74,6.5,6.6,1,1
PS40077,9.0,9.1,6.2,7.2,5.7,7.4,7.5,8.5,7.3,7.7,9.1,7.9,8.9,7.1,7.8,7.8,6.3,8.0,5.6,7.1,7.3,6.0,6.6,,6.5,7.3,,,,,6.6,6.9,1.0,,,0.68,6.0,5.5,1,1
PS40087,9.0,9.1,7.8,8.2,6.3,7.1,6.4,7.4,7.5,6.4,8.0,7.7,8.2,7.1,7.8,9.2,7.0,8.2,7.3,6.6,7.6,5.8,6.0,,6.3,6.9,,,,,6.4,6.7,1.0,,,0.76,7.1,7.1,2,1
PS40105,9.0,8.7,6.8,5.8,7.0,8.0,7.2,6.5,6.8,6.8,9.1,8.5,8.1,7.7,8.3,8.8,6.2,7.5,6.6,7.5,7.3,8.0,6.8,,6.9,9.1,,,,,7.0,7.8,1.0,,,0.77,6.2,6.5,3,0
PS40153,3.5,8.1,6.8,6.8,6.5,8.4,6.6,8.3,7.8,6.6,5.4,7.2,7.0,5.8,7.5,7.5,5.3,6.7,5.0,5.0,6.2,6.5,6.7,5.6,6.0,7.2,5.1,5.0,5.3,5.3,7.4,,,6.3,,0.68,7.2,7.4,1,0
PS40163,3.5,8.1,6.8,6.8,6.5,8.4,6.6,8.3,7.8,6.6,5.4,7.2,7.0,5.8,7.5,7.5,5.3,6.7,5.0,5.0,6.2,6.5,6.7,5.6,6.0,7.2,5.1,5.0,5.3,5.3,7.4,,,6.3,,0.79,6.1,5.8,2,0
PS40174,9.5,8.7,6.2,5.8,6.5,8.4,7.1,7.0,6.5,7.9,6.9,8.2,7.9,7.8,8.5,8.2,5.8,8.0,7.1,8.6,5.7,8.0,7.5,8.3,7.6,7.7,7.4,7.7,8.3,7.8,7.3,7.7,1.0,8.8,,0.69,7.1,5.4,3,0
PS40202,6.0,9.0,7.5,6.7,7.5,8.2,8.7,8.4,8.0,7.3,6.6,8.1,7.9,6.9,7.3,8.2,5.8,8.0,5.9,6.7,6.5,7.0,6.4,6.5,7.4,7.7,5.4,5.4,5.6,5.8,7.3,7.8,1.0,6.7,,0.67,7.1,5.2,1,1
PS40208,9.0,9.4,7.8,8.7,7.2,8.7,8.1,7.9,7.3,6.8,8.8,7.9,8.1,7.2,8.1,8.7,6.0,9.5,6.6,7.3,7.2,7.0,7.2,,6.7,9.1,,,,,6.9,7.5,1.0,,,0.75,5.9,6.1,1,0
PS40210,9.3,8.7,7.2,6.0,7.6,8.0,7.5,7.2,7.1,7.3,7.5,9.3,8.0,7.7,9.3,8.0,6.3,8.5,6.4,7.5,7.7,7.1,7.6,7.2,7.4,8.3,6.7,6.2,8.8,8.0,7.4,8.3,1.0,8.3,,0.82,6.3,6.4,3,1
PS40212,8.5,8.7,6.7,7.7,8.3,8.2,*,*,7.8,5.8,7.6,8.4,7.7,7.5,8.2,8.0,5.8,9.0,6.2,8.1,7.6,9.5,7.7,7.0,7.7,7.4,7.7,6.5,9.4,8.3,7.7,8.4,1.0,8.4,,0.69,6.7,7.2,3,1
PS40220,5.5,7.8,6.8,5.8,6.3,8.6,6.6,6.8,7.7,6.4,6.1,7.7,6.7,5.9,6.0,8.3,5.5,7.0,6.8,5.6,6.6,6.0,6.1,5.7,5.8,7.6,5.4,5.3,5.6,6.8,7.3,7.7,1.0,6.7,,0.72,6.4,5.1,3,1
PS40224,7.3,8.2,7.0,5.2,7.7,8.3,7.9,6.6,7.3,7.1,7.0,8.0,6.6,6.5,7.7,7.8,8.0,8.0,5.5,7.5,7.9,6.3,6.9,7.0,7.1,8.1,7.0,5.7,6.8,7.4,8.0,7.9,1.0,7.3,,0.78,6.1,5.3,2,0
PS40253,5.8,7.9,6.0,5.5,6.8,7.7,5.9,6.2,6.2,6.2,4.4,4.9,6.2,0.8,5.4,7.0,,5.6,1.5,,,6.8,5.5,,7.0,3.0,5.7,6.6,5.3,5.5,6.8,6.1,1.0,5.8,,0.74,6.2,6.3,3,0
PS40254,6.0,9.1,6.0,5.0,7.3,8.3,8.6,8.3,7.7,7.9,6.7,6.3,6.9,6.3,6.8,7.3,5.3,8.0,6.7,6.0,6.0,6.3,5.8,5.5,6.2,7.0,5.4,5.6,6.3,6.1,7.4,7.5,1.0,6.5,,0.73,5.1,7.3,2,1
PS40292,7.8,9.4,6.3,7.0,7.0,8.4,8.4,8.5,8.0,8.3,9.9,8.5,7.9,7.3,8.7,8.7,6.7,9.0,7.4,7.1,6.7,8.3,7.1,8.1,7.7,7.9,8.5,5.7,6.5,6.6,7.7,7.4,,7.8,,0.74,7.4,6.4,3,0
PS40293,6.0,8.0,7.0,6.2,6.9,7.9,7.0,6.6,6.7,7.0,6.2,7.0,7.8,6.5,7.6,8.5,5.5,6.0,5.4,5.4,6.0,6.2,5.8,5.5,6.1,7.3,5.1,5.3,5.6,6.1,7.8,7.9,1.0,7.3,,0.65,7.0,5.6,3,0
PS40298,7.0,7.0,6.3,6.8,6.9,7.4,6.6,7.6,6.0,6.5,5.6,7.3,6.9,5.7,6.5,6.5,5.0,6.0,6.3,5.7,6.3,6.0,5.5,5.6,6.0,6.5,5.3,5.1,5.6,5.1,6.9,7.4,,6.5,,0.77,7.3,5.5,3,1
PS40305,7.0,8.5,6.8,6.3,7.9,8.3,6.8,6.8,7.0,7.6,6.7,7.4,7.5,5.2,6.3,8.7,5.0,6.8,6.5,5.7,6.2,6.1,5.5,5.3,5.5,7.3,5.2,5.1,5.3,5.3,7.6,7.8,1.0,7.1,,0.78,6.8,7.2,1,1
PS40315,6.3,8.3,8.0,6.5,7.2,7.9,5.9,6.7,7.2,7.6,7.0,7.3,7.5,6.2,6.7,8.0,5.0,7.0,5.2,5.3,5.6,7.0,5.8,5.6,5.7,7.4,5.1,5.0,5.6,6.0,8.0,7.6,1.0,7.3,,0.81,6.9,5.4,3,1
PS40325,9.0,8.9,6.3,6.0,7.5,8.0,7.6,7.3,7.1,6.5,9.3,8.5,8.3,7.6,8.6,8.2,5.7,9.5,7.4,7.3,6.9,9.2,5.8,7.2,7.8,9.4,7.3,6.8,8.5,7.4,7.5,8.1,1.0,8.2,,0.73,6.7,5.2,2,1
PS40328,6.4,8.9,6.5,8.2,7.4,8.7,7.0,7.3,6.7,6.0,8.5,8.9,7.5,8.3,7.5,7.8,8.6,9.2,5.6,7.6,8.2,7.0,7.8,,5.9,7.4,,,,,6.9,6.1,1.0,,,0.41,6.0,4.2,3,1
PS40358,5.8,7.5,7.7,5.8,7.5,6.8,6.0,7.0,5.9,6.1,7.0,6.8,7.1,5.8,7.3,9.2,5.0,5.5,5.5,5.2,6.2,5.5,5.6,5.4,6.8,7.5,5.0,6.4,5.6,5.4,5.7,7.2,1.0,8.0,,0.69,5.8,5.3,3,1
PS40394,7.0,7.5,7.1,6.2,7.3,7.6,7.2,7.3,7.3,7.4,6.9,6.2,6.5,7.4,6.6,8.3,5.5,5.2,5.3,5.0,5.1,5.0,5.7,5.4,6.2,7.2,5.1,5.2,5.4,6.4,6.8,7.1,1.0,7.6,,0.85,5.7,7.4,3,1
PS40403,7.0,8.6,1.0,7.3,7.4,7.9,7.5,8.1,8.3,7.7,7.0,7.4,6.7,,6.9,1.0,,0.5,1.7,,6.7,,,,,,0.6,2.2,,,6.7,,,,,0.71,7.2,7.1,1,1
PS40416,8.0,8.9,6.8,8.3,7.7,7.8,6.3,6.9,6.9,6.6,7.0,7.9,7.8,7.0,7.0,8.5,7.0,6.5,6.7,6.5,7.0,6.5,7.3,7.3,6.6,8.8,7.3,7.3,9.1,7.9,6.8,6.8,1.0,6.8,,0.75,6.1,5.4,3,1
PS40419,9.5,9.1,6.8,6.0,7.4,8.8,6.9,8.2,7.6,7.5,8.4,9.0,8.0,7.7,8.7,9.0,7.5,5.7,7.1,7.3,8.7,8.3,7.9,7.3,8.0,8.5,6.3,6.5,8.1,7.2,8.7,8.1,1.0,7.9,,0.75,6.5,7.4,3,1
PS40423,7.5,8.7,6.2,6.0,7.6,7.4,6.3,6.6,7.4,6.5,6.6,8.0,7.4,6.7,7.7,9.7,5.5,5.7,5.7,6.4,7.7,5.5,6.9,5.6,5.8,7.3,5.1,6.0,6.2,6.3,6.4,7.7,1.0,7.1,,0.73,7.0,6.7,2,1
PS40427,9.0,9.1,6.0,7.0,8.6,8.8,7.3,7.8,6.9,7.4,8.5,7.6,7.8,8.4,8.7,8.0,5.5,5.3,5.8,7.6,6.8,5.4,7.4,6.4,6.8,8.4,7.6,6.8,6.5,7.4,8.7,7.8,1.0,8.3,,0.85,6.0,6.3,2,1
PS40437,9.5,9.2,7.0,7.0,7.8,7.9,7.3,8.0,7.7,6.9,9.2,9.0,8.2,8.6,8.9,9.2,1.0,8.9,8.4,8.0,8.6,9.9,8.2,,8.3,8.6,,,,,6.2,7.8,1.0,,,0.71,6.0,5.6,3,0
PS40445,6.5,8.9,7.0,7.7,7.8,8.6,6.9,7.0,6.6,6.9,6.8,8.0,7.6,7.7,7.9,8.7,6.5,5.8,6.0,5.7,7.5,7.5,7.2,6.6,8.0,7.8,7.0,6.7,8.4,6.6,8.7,7.9,1.0,7.7,,0.66,6.8,5.4,2,0
PS40446,1.0,9.0,6.5,9.2,8.0,8.8,8.0,7.6,6.8,6.8,8.4,7.7,7.7,7.2,6.5,7.3,6.1,7.6,5.6,7.5,6.4,7.9,5.9,6.1,7.6,6.9,6.2,5.7,7.3,7.3,8.8,7.9,1.0,7.6,,0.74,6.6,5.6,1,0
PS40448,1.0,1.0,7.5,9.0,7.3,8.5,*,*,*,8.8,8.9,8.4,8.0,7.9,7.7,8.8,5.5,7.9,5.4,8.0,8.4,1.0,8.8,7.3,7.1,9.4,5.9,7.5,8.4,6.9,7.7,5.8,1.0,8.3,,0.81,6.4,6.0,2,1
PS40463,9.5,9.2,7.8,8.8,7.4,8.6,7.7,8.0,6.8,6.2,7.0,8.6,7.0,6.2,6.9,8.2,5.5,7.2,5.3,6.1,7.2,5.5,5.9,7.1,6.0,6.7,5.1,6.4,5.9,5.7,7.2,7.1,1.0,8.3,,0.67,5.7,6.5,3,0
PS40484,7.5,8.1,6.3,8.2,7.0,7.5,6.6,6.5,6.4,6.2,6.2,7.8,6.6,6.6,6.6,7.3,5.5,6.0,7.3,5.6,6.5,7.0,5.8,5.0,5.4,7.1,5.6,5.6,5.9,5.9,5.6,6.5,1.0,7.4,,0.83,6.0,6.6,3,1
PS40509,9.5,9.5,6.3,8.8,7.5,9.3,7.0,6.8,7.7,7.7,6.9,8.5,7.7,7.8,8.7,8.3,7.5,7.6,7.1,8.6,8.2,8.5,7.9,7.8,7.5,8.3,8.1,7.3,9.0,8.0,8.9,8.4,1.0,7.5,,0.68,5.5,5.4,1,1
PS40510,8.0,8.8,6.5,8.7,7.2,8.2,7.2,7.5,6.0,7.2,6.6,7.6,7.4,6.3,7.1,7.5,5.0,5.5,8.0,6.0,7.4,5.4,6.1,6.0,6.2,7.9,5.6,6.4,6.3,7.4,6.0,6.6,1.0,6.1,,0.82,5.2,6.3,3,0
PS40574,8.7,6.7,7.8,6.8,6.6,7.6,8.2,7.9,7.3,7.4,8.7,7.4,7.2,8.2,9.0,7.8,9.0,8.3,8.1,6.8,6.9,1.0,8.1,6.8,6.3,6.3,8.7,7.3,6.8,8.2,6.4,7.0,1.0,7.6,,0.81,5.3,6.2,3,1
PS40596,5.5,6.8,8.8,5.5,6.0,6.9,5.4,3.4,,,5.6,5.6,5.9,2.2,5.9,8.7,,,1.3,6.1,6.9,1.0,,1.0,3.7,3.1,,,,,,,,,,0.73,5.2,7.0,2,1
PS40613,6.0,8.2,7.7,6.7,8.5,8.2,7.5,7.3,5.9,6.8,8.4,6.6,8.7,7.4,7.2,8.5,9.5,6.3,7.3,6.9,6.7,8.5,8.3,6.0,6.3,6.6,5.1,6.6,5.6,6.2,6.4,6.8,,0.5,,0.34,6.5,4.6,2,1
PS40631,7.2,8.7,8.7,5.7,8.4,6.7,8.1,7.2,7.0,7.8,8.6,7.3,8.3,6.6,7.5,9.7,9.5,6.1,6.2,6.2,,5.1,7.2,5.2,6.3,6.0,5.0,5.3,5.4,5.3,5.9,6.7,1.0,5.9,,0.78,5.6,7.2,3,1
PS40650,6.2,7.7,7.3,7.3,8.3,7.9,6.6,6.8,7.2,7.5,8.7,7.0,8.6,6.6,6.5,9.0,6.5,6.8,6.8,6.0,6.1,7.0,7.7,5.3,6.3,7.7,5.1,6.1,6.0,5.6,6.0,7.1,1.0,6.4,,0.77,7.2,5.5,2,1
PS40655,7.0,8.3,7.8,7.5,8.7,9.1,6.3,7.4,6.8,8.0,8.2,8.3,8.0,6.5,7.8,9.0,7.5,6.0,6.2,8.0,6.4,7.9,8.4,,6.4,7.4,,,,,8.1,7.2,1.0,,,0.76,5.4,5.7,2,1
PS40664,8.5,8.9,8.8,6.7,9.0,8.1,6.4,6.5,6.4,6.6,7.7,7.5,8.8,6.5,7.8,9.7,8.0,6.5,8.0,7.2,7.2,6.5,8.5,,6.7,7.2,,,,,7.8,7.2,1.0,,,0.72,6.7,6.6,2,1
PS40701,9.5,8.0,7.5,6.7,7.3,8.3,7.3,6.9,7.0,6.4,6.2,9.3,7.6,8.0,8.5,6.7,9.0,8.5,9.2,7.5,8.2,1.0,7.8,,6.8,7.5,,,,,8.4,7.5,1.0,,,0.78,6.9,6.7,1,1
PS40714,6.5,8.2,,7.2,7.7,7.7,7.7,6.3,,,7.6,5.9,7.8,6.8,5.6,9.3,5.5,0.2,1.3,6.5,0.5,3.4,0.6,5.5,2.9,6.5,,5.0,,,6.2,5.7,,,,0.66,7.1,7.5,3,0
PS40734,6.5,8.1,8.5,6.0,6.6,7.6,8.1,8.0,7.1,,0.4,6.3,2.1,5.6,5.9,9.5,5.5,0.2,5.8,2.1,,,7.2,,2.8,6.9,3.7,1.2,,,0.4,,,,,0.77,5.6,5.3,2,0
PS40739,6.2,8.1,7.3,6.3,6.5,8.5,6.3,6.3,5.6,6.1,7.9,8.2,7.7,6.8,7.1,9.5,7.5,5.8,8.0,6.1,6.1,5.8,6.8,6.6,6.4,6.1,6.0,5.1,8.0,5.3,7.3,5.1,1.0,7.1,,0.76,5.1,6.6,1,1
PS40788,5.5,8.4,7.3,8.7,7.1,8.3,7.8,7.6,7.4,6.7,6.5,7.6,7.2,7.3,7.2,9.7,8.0,6.8,8.0,7.4,6.8,5.0,6.8,6.5,7.0,6.8,5.0,5.5,8.8,6.4,6.8,7.5,1.0,7.1,,0.72,7.3,6.2,2,0
PS40826,5.0,7.6,9.2,6.0,5.7,7.0,5.9,6.6,6.6,6.4,7.4,6.7,5.9,6.7,6.5,9.0,7.5,6.5,5.7,6.2,6.7,7.7,6.5,6.1,6.2,7.4,6.0,5.6,6.5,5.6,6.5,6.2,1.0,6.8,,0.74,6.5,5.3,1,1
PS40831,7.9,7.9,7.8,7.7,7.2,7.2,6.8,7.6,7.1,6.6,8.0,7.4,7.3,6.8,6.0,8.8,6.5,7.0,6.2,7.3,6.9,7.5,6.9,,7.8,6.6,,,,,8.5,7.7,1.0,,,0.65,6.8,5.5,1,0
PS40846,6.7,9.3,5.7,7.2,7.5,8.2,7.3,8.1,7.7,7.6,7.1,8.1,7.7,6.6,7.7,7.7,8.8,5.5,6.9,6.5,7.0,7.5,8.3,6.5,7.1,7.5,5.6,5.7,8.3,7.3,6.4,6.1,1.0,6.6,,0.71,5.0,6.1,1,0
PS40857,5.8,8.9,7.7,5.8,7.4,7.9,6.2,2.7,,,7.4,7.4,7.8,6.2,6.7,1.0,0.5,0.2,3.1,,,,6.8,,0.8,6.6,,,,,,,,,,0.75,6.9,5.4,3,1
PS40860,8.5,9.8,8.0,6.8,7.8,8.3,8.2,8.5,7.1,8.4,8.6,9.1,9.2,7.9,7.6,9.7,5.5,8.3,9.0,8.5,8.3,1.0,8.7,7.3,6.4,8.6,7.6,8.3,9.2,8.2,6.5,7.9,1.0,7.0,,0.80,6.3,6.2,3,0
PS40912,6.7,8.3,5.2,6.5,7.4,7.0,6.5,6.5,6.8,5.4,8.5,7.8,6.9,6.8,7.9,9.5,7.9,6.0,6.3,6.6,5.6,6.5,7.4,5.9,5.8,6.0,5.8,6.4,6.7,6.1,6.1,7.6,1.0,6.8,,0.80,5.3,6.8,1,0
PS40921,9.3,9.6,7.5,6.5,7.6,8.3,7.9,7.7,6.7,7.0,8.4,7.2,7.7,8.3,8.5,8.5,1.0,7.0,8.8,7.9,7.6,1.0,8.5,,8.0,8.3,,,,,8.9,8.0,1.0,,,0.85,7.4,6.0,1,1
PS40925,6.2,7.8,6.5,6.5,6.6,7.7,6.2,7.2,6.1,7.1,7.5,8.1,7.0,6.9,8.0,8.7,8.7,7.8,7.8,7.6,6.8,9.0,8.0,,7.9,8.1,,,,,7.5,7.5,1.0,,,0.83,7.4,6.9,1,0
PS40932,1.0,8.3,6.0,6.0,5.9,8.0,7.0,7.0,6.9,2.0,8.0,7.0,7.0,,6.7,8.7,5.0,7.5,5.5,6.7,3.6,0.1,6.4,3.2,0.7,6.3,,,,,,,,,,0.73,6.7,5.1,3,0
PS40936,8.2,8.0,6.8,6.3,7.2,7.9,7.7,6.9,6.8,7.3,8.6,7.0,7.9,7.0,8.3,9.0,8.7,6.2,8.0,6.7,5.8,6.7,7.9,6.1,5.6,6.3,5.9,6.8,6.2,6.2,6.2,7.7,1.0,6.8,,0.79,5.8,7.2,3,1
PS40956,1.0,1.0,8.5,6.2,7.1,7.6,6.3,6.2,7.5,5.9,6.9,7.2,7.4,6.4,6.5,8.5,5.3,5.0,5.8,5.0,7.1,6.0,6.5,7.5,6.5,6.0,5.2,7.2,5.7,6.2,7.2,5.5,1.0,7.2,,0.73,7.3,6.2,2,1
PS40957,9.5,8.6,8.7,6.7,6.9,7.6,7.3,7.5,7.3,7.4,6.7,7.5,8.6,8.4,8.1,9.7,7.5,5.5,7.1,8.1,6.9,7.0,8.2,6.7,6.6,7.3,6.9,7.7,7.3,8.9,6.9,8.1,1.0,7.1,,0.65,5.3,6.9,3,1
PS40985,9.2,8.7,6.3,7.8,7.2,6.7,7.7,7.7,7.6,7.8,7.6,8.4,7.5,7.0,8.1,7.2,8.8,8.0,7.0,6.6,6.4,8.3,7.8,,7.0,8.4,,,,,5.8,6.5,1.0,,,0.78,5.6,7.5,1,0
PS41009,9.2,9.4,6.3,7.0,7.2,7.8,7.3,7.1,7.3,7.0,7.5,8.6,8.8,8.5,8.7,9.0,9.9,1.0,8.9,6.8,6.9,9.5,9.2,,7.3,8.2,,,,,8.4,7.1,1.0,,,0.84,5.5,5.7,3,1
PS41015,8.0,6.4,7.7,6.7,7.1,7.9,7.7,7.6,7.1,7.7,6.8,5.1,6.1,7.3,6.4,7.3,6.5,5.5,5.6,7.3,7.2,7.5,6.3,6.3,6.3,6.5,6.3,5.6,5.8,6.2,6.5,7.1,1.0,6.1,,0.70,6.6,7.2,3,1
PS41059,6.2,9.4,7.3,6.2,7.2,7.5,8.3,7.5,7.0,7.3,7.0,7.7,7.4,8.0,8.4,8.7,8.4,6.8,7.4,7.2,7.4,8.5,8.0,,7.3,7.0,,,,,6.9,6.9,1.0,,,0.72,6.4,6.0,3,0
PS41081,8.7,9.2,7.3,7.2,7.9,8.5,7.2,6.6,,,7.4,7.2,7.2,6.2,8.1,9.3,8.5,6.0,8.0,6.5,7.0,5.4,6.6,,7.1,8.3,,,,,8.2,7.9,,,,0.78,6.5,6.3,2,1
PS41082,6.2,7.9,6.8,6.3,7.0,8.4,5.5,,,,7.7,6.9,5.8,1.7,6.4,1.0,5.8,5.5,6.1,6.2,,5.5,5.6,5.0,,5.5,5.0,5.3,1.5,5.5,,0.1,,,,0.71,5.5,5.8,2,0
PS41121,5.0,6.5,7.2,5.8,6.1,6.3,6.9,3.0,,,6.7,7.3,6.4,4.9,3.9,9.3,5.0,5.8,5.7,6.3,7.7,6.0,7.0,5.1,,5.4,5.0,5.7,0.5,3.4,5.9,,,,,0.75,5.7,6.9,2,1
PS41123,6.0,7.0,7.2,6.2,6.4,6.5,6.6,,,,6.7,7.0,6.0,4.9,3.0,9.0,5.3,5.3,7.1,,7.2,4.0,6.8,5.0,2.8,5.5,0.2,5.7,,3.1,0.3,,,,,0.65,6.3,6.2,3,0
PS41124,6.0,8.1,7.5,5.2,7.2,6.7,6.0,5.9,5.8,6.8,7.4,7.9,7.9,8.0,6.1,9.3,7.1,6.6,8.1,6.4,8.1,6.0,7.1,,7.0,6.8,,,,,6.3,7.1,1.0,,,0.71,7.3,5.1,1,1
PS41133,1.0,7.7,7.7,6.8,6.9,7.1,6.7,6.5,6.3,6.4,8.7,8.4,7.9,8.0,6.4,8.7,7.5,6.9,7.8,7.8,8.1,8.9,8.3,,7.0,7.3,,,,,7.1,7.3,1.0,,,0.77,6.5,5.7,1,0
PS41151,6.5,7.0,7.3,6.2,7.2,6.8,6.8,5.9,,,7.0,4.5,6.2,5.3,6.5,8.5,2.0,,5.7,2.6,7.2,0.9,6.8,1.0,,5.5,5.0,5.8,5.5,5.8,,5.1,,,,0.68,6.6,5.4,2,1
PS41200,8.3,8.0,6.7,6.2,6.8,6.9,7.2,6.8,5.1,5.8,7.9,7.5,6.7,6.6,7.1,9.3,6.3,5.6,5.7,6.6,7.6,6.0,7.6,5.6,7.2,6.5,5.9,7.6,6.5,6.7,7.2,7.1,1.0,7.3,,0.75,6.4,7.0,2,1
PS41208,1.0,7.9,7.2,7.7,8.4,7.3,8.7,2.0,,,7.8,8.0,5.4,6.7,2.4,9.0,5.0,,6.6,2.0,4.6,0.7,3.9,,,5.8,,,,,,1.6,,,,0.74,5.5,5.6,1,0
PS41211,1.0,8.6,7.2,6.0,7.3,8.1,8.2,7.5,6.9,7.1,6.6,8.2,6.5,8.1,5.7,7.7,6.8,5.9,8.3,6.8,7.6,5.7,7.7,,7.1,6.6,,,,,5.9,6.9,1.0,,,0.76,6.8,7.3,1,1
PS41220,9.0,7.0,6.2,6.0,7.1,7.0,6.1,6.6,6.5,,7.5,7.3,5.9,6.0,5.4,8.2,5.0,7.6,5.7,6.0,7.4,6.0,6.3,5.5,6.6,5.4,5.1,5.2,6.1,6.0,7.4,5.8,1.0,6.5,,0.72,5.7,5.2,1,0
PS41222,9.9,8.1,7.8,7.7,6.7,7.8,6.8,6.7,6.4,6.6,7.0,8.6,7.2,7.4,5.7,8.3,5.0,5.6,7.6,6.4,7.6,6.7,7.9,,5.9,6.5,,,,,6.4,6.4,1.0,,,0.82,7.3,7.2,3,0
PS41226,6.5,7.3,6.5,5.7,7.0,7.4,5.9,,,,6.4,8.0,5.3,6.0,5.6,6.8,6.0,,6.0,6.0,7.4,5.0,4.7,6.3,0.7,5.6,,,,,,,,,,0.34,6.5,6.4,3,1
PS41280,1.0,7.7,6.0,5.8,7.1,6.7,7.7,6.3,8.1,6.2,6.7,7.7,6.1,6.3,5.7,8.2,5.0,5.0,6.1,5.5,7.9,6.0,7.3,6.5,7.1,6.5,5.2,6.0,6.2,6.2,6.0,7.0,1.0,6.2,,0.66,6.4,5.4,1,1
PS41315,6.0,6.9,6.2,6.2,5.3,7.0,6.6,6.1,4.3,,6.4,7.8,5.9,4.6,4.4,8.0,5.5,0.3,5.9,7.1,7.3,5.0,6.5,5.5,,5.4,1.4,5.3,3.0,0.6,5.6,6.9,,,,0.73,6.1,6.5,3,1
PS41317,1.0,8.1,7.5,5.8,6.1,7.0,5.8,,,,6.5,7.9,6.2,4.3,2.0,1.0,5.0,,3.6,3.1,7.2,7.8,7.3,5.7,2.9,6.3,6.4,5.6,6.1,5.5,5.9,7.0,,,,0.72,5.1,6.4,2,1
PS41386,6.0,7.0,6.0,6.8,6.3,7.2,5.8,6.2,,,6.4,7.0,6.7,6.4,7.1,6.8,8.9,9.5,5.9,7.6,7.8,6.0,8.0,8.1,7.0,5.1,5.1,6.6,6.0,5.5,6.5,6.8,1.0,6.5,,0.76,5.1,6.5,1,0
PS41392,6.0,7.6,7.5,5.8,6.2,7.1,5.3,6.9,6.4,7.1,7.2,6.9,6.8,7.5,5.7,8.0,6.0,5.7,7.5,6.1,7.8,6.0,6.7,,6.3,6.8,,,,,6.0,7.1,1.0,,,0.70,5.4,5.7,3,1
PS41422,6.0,8.5,1.0,5.7,7.4,8.4,7.2,7.3,7.5,6.9,7.9,8.7,8.1,6.7,7.2,9.0,5.5,0.3,7.2,6.5,8.3,6.0,7.9,,5.8,7.8,7.8,5.9,6.8,6.6,8.0,7.1,1.0,6.8,,0.84,6.3,6.0,1,1
PS41430,8.8,8.8,7.3,6.2,5.8,7.6,7.9,7.1,7.3,7.4,7.2,8.1,7.3,7.7,7.3,8.5,6.5,0.5,7.5,6.6,7.9,7.5,7.6,,5.7,6.2,7.0,7.2,6.9,5.9,7.0,5.0,,0.7,,0.80,5.8,7.0,1,0
PS41432,1.0,9.5,7.5,7.2,6.8,8.5,8.4,7.6,7.4,8.0,1.0,9.8,8.3,9.1,9.3,6.7,9.5,8.6,9.2,8.5,8.3,7.0,9.5,7.3,7.6,8.7,7.1,9.1,7.0,8.8,8.0,8.1,1.0,9.0,,0.65,6.5,5.8,3,0
PS41435,9.0,8.8,1.0,6.3,6.4,6.8,4.9,,,,7.5,4.5,,3.8,5.3,0.5,0.5,,1.2,1.2,,1.0,,,,1.7,,,,,,,,,,0.41,4.1,4.2,6,1
PS41442,1.0,9.1,7.5,7.0,7.1,8.2,*,*,*,8.6,1.0,9.2,8.5,9.1,8.4,1.0,1.0,8.5,9.0,8.5,8.6,6.0,8.7,7.2,7.2,8.6,6.2,7.9,7.6,8.2,8.4,7.4,1.0,8.1,,0.74,5.8,6.5,1,0
PS41451,8.7,8.9,7.7,7.2,8.0,8.7,7.2,7.0,6.6,7.6,8.9,8.7,8.8,9.3,8.3,9.7,8.0,9.3,9.1,7.5,8.5,7.8,9.1,,6.8,7.8,,,,,6.8,8.2,1.0,,,0.67,6.0,6.8,2,1
PS41482,1.0,8.9,7.2,6.7,6.2,8.2,7.7,7.4,6.8,7.5,9.3,8.5,8.4,7.8,7.2,9.2,9.0,7.6,9.2,6.9,8.3,6.0,7.8,6.7,7.0,7.9,7.7,8.8,7.8,8.2,8.1,8.1,1.0,9.0,,0.79,7.5,7.4,3,0
PS41484,1.0,9.2,6.8,8.3,7.3,8.3,8.2,8.7,7.5,8.4,9.6,9.3,8.2,7.4,7.7,9.0,7.5,8.7,8.9,8.1,8.5,7.0,8.4,7.3,7.2,7.6,8.8,9.4,8.3,9.0,8.0,8.3,1.0,8.5,,0.65,6.1,6.3,1,1
PS41487,1.0,9.1,7.2,6.7,6.2,7.7,6.5,6.3,6.7,7.2,8.8,9.7,8.5,8.1,9.3,9.2,1.0,9.8,9.3,8.8,8.8,6.0,9.5,8.8,7.6,9.2,8.6,9.8,8.8,9.9,7.8,8.2,1.0,8.7,,0.72,6.0,5.5,3,1
PS41504,6.7,9.4,7.2,9.2,6.8,9.0,7.6,7.6,6.8,7.1,8.0,9.7,6.8,7.6,8.1,1.0,1.0,8.2,8.8,8.5,8.3,6.0,9.3,7.6,7.0,8.2,6.0,9.0,8.6,8.9,7.3,7.7,1.0,9.0,,0.78,5.4,6.0,3,1
PS41544,9.4,9.1,9.5,8.0,7.4,8.7,7.5,7.6,6.7,6.7,7.1,8.0,7.1,6.6,7.7,9.0,8.0,7.0,6.1,7.8,6.5,7.0,8.1,8.2,6.4,7.4,7.6,6.7,9.1,7.8,7.3,7.3,1.0,8.1,,0.73,7.1,5.2,2,0
PS41555,1.0,8.1,8.7,9.0,6.0,7.7,6.9,6.6,7.4,8.1,8.0,7.3,7.0,7.1,8.2,9.0,6.7,5.3,6.8,7.7,7.7,9.0,8.3,,5.9,7.2,,,,,7.7,6.6,1.0,,,0.84,5.0,7.4,3,1
PS41585,1.0,9.4,6.2,7.7,7.8,,6.7,,,,8.6,7.7,8.3,7.4,8.6,8.7,,5.0,4.6,7.1,5.2,5.7,0.2,,5.8,6.3,,,,,5.7,6.0,1.0,,,0.69,7.1,5.3,2,0
PS41660,6.9,7.4,8.2,7.7,6.4,7.6,6.4,1.9,,,7.9,6.7,6.7,7.1,7.0,9.2,5.8,6.0,6.4,7.4,7.4,8.0,8.4,,6.5,7.6,,,,,6.8,7.7,1.0,,,0.65,6.4,6.9,1,1
PS41668,1.0,9.6,7.8,9.2,7.3,7.7,7.6,7.4,7.7,8.2,9.9,8.3,8.2,9.1,9.4,8.7,9.2,1.0,8.8,9.6,7.5,1.0,7.0,,8.7,8.6,,,,,7.9,8.0,1.0,,,0.76,5.4,7.3,3,0
PS41679,9.0,7.8,8.2,8.7,6.4,7.7,*,*,6.3,6.3,7.9,7.3,6.8,8.4,7.8,8.8,5.9,9.0,7.1,7.2,7.1,1.0,8.2,,6.9,7.7,,,,,6.5,7.8,1.0,,,0.71,6.2,6.3,1,1
PS41730,7.6,8.7,5.8,6.3,6.8,8.3,5.7,6.6,7.8,7.5,8.0,8.8,6.4,7.9,9.3,9.5,5.7,7.0,8.3,7.7,7.7,6.5,6.4,,5.7,8.0,,,,,8.1,7.2,1.0,,,0.79,5.5,5.4,1,1
PS41767,8.6,8.0,8.7,7.0,5.9,7.6,7.3,7.5,7.6,7.7,8.8,7.4,7.1,7.0,7.5,8.7,6.0,7.6,5.6,7.6,6.9,6.0,7.1,,5.4,7.8,,,,,6.0,7.3,1.0,,,0.72,6.4,5.1,3,1
PS41787,8.5,7.4,7.0,7.2,7.7,,7.8,8.4,7.7,7.3,7.3,6.3,6.5,6.7,6.5,8.5,5.5,7.6,5.6,6.4,7.9,6.0,2.5,,6.0,8.0,,,,,6.4,7.5,,,,0.89,7.1,6.0,2,0
PS41890,9.4,1.0,7.7,9.2,8.0,7.7,8.0,7.5,7.7,6.7,8.4,8.7,8.8,6.9,8.4,9.5,9.5,8.5,6.6,7.6,8.4,8.0,7.3,7.3,6.2,9.2,8.5,7.4,9.3,7.2,7.5,7.3,1.0,7.1,,0.85,5.5,6.4,2,0
PS41895,1.0,9.0,8.2,7.0,7.6,8.5,*,*,*,7.4,8.7,9.0,9.3,8.5,9.3,9.8,8.0,8.8,9.1,7.8,7.3,9.0,7.9,,7.7,7.9,,,,,6.3,7.3,1.0,,,0.82,5.4,5.9,3,0
PS41927,8.3,7.9,8.3,7.5,6.4,8.2,7.3,7.0,7.1,6.4,8.5,8.1,8.6,6.8,8.2,9.3,6.1,7.1,6.0,7.4,7.5,5.7,6.2,,5.7,5.2,,,,,6.1,6.7,,,,0.78,5.8,7.3,2,0
PS41976,6.9,8.2,7.2,6.7,7.6,7.4,6.2,6.5,3.0,,6.5,3.2,2.0,5.6,5.5,8.0,,,2.0,,5.5,1.0,5.6,2.1,2.8,1.4,5.5,2.2,,2.2,5.9,5.1,,,,0.62,2.1,2.3,4,3
PS41977,9.0,8.5,7.7,7.7,7.5,8.2,6.1,5.9,7.9,7.5,9.0,8.4,8.0,6.2,6.4,8.0,7.7,8.5,7.7,8.2,7.9,7.0,6.8,,7.0,7.7,,,,,7.2,7.8,1.0,,,0.72,6.3,5.2,2,0
PS42053,9.0,7.0,7.2,5.7,7.6,8.0,*,*,*,8.0,7.9,5.6,6.1,7.1,5.8,8.5,5.5,9.5,7.0,6.4,7.8,5.3,5.7,7.1,6.7,6.2,5.9,5.8,6.3,6.1,7.6,5.3,1.0,6.0,,0.84,6.9,5.1,1,1
PS42060,9.0,7.0,7.2,5.7,7.6,8.0,*,*,*,8.0,7.9,5.6,6.1,7.1,5.8,8.5,5.5,9.5,7.0,6.4,7.8,5.3,5.7,7.1,6.7,6.2,5.9,5.8,6.3,6.1,7.6,5.3,1.0,6.0,,0.78,6.5,5.7,2,0
PS42086,7.5,7.8,7.8,7.2,7.2,8.0,6.8,7.1,6.3,5.7,8.1,7.8,8.5,6.8,6.9,8.0,5.8,4.7,6.8,3.5,7.2,6.4,7.0,6.9,6.3,4.5,5.8,6.6,7.2,5.5,6.1,5.4,1.0,5.6,,0.75,5.3,6.8,2,1
PS42089,7.5,7.8,7.8,7.2,7.2,8.0,6.8,7.1,6.3,5.7,8.1,7.8,8.5,6.8,6.9,8.0,5.8,4.7,6.8,3.5,7.2,6.4,7.0,6.9,6.3,4.5,5.8,6.6,7.2,5.5,6.1,5.4,1.0,5.6,,0.65,7.4,5.1,2,0
PS42094,7.1,8.9,6.0,6.0,7.7,7.3,6.6,5.8,6.0,6.9,8.3,5.7,6.2,7.2,7.8,8.3,8.9,6.0,5.9,6.7,6.9,5.4,8.2,,8.4,7.6,,,,,8.6,6.8,1.0,,,0.68,6.3,5.6,3,0
PS42138,8.6,6.2,6.7,7.3,7.5,7.0,6.5,6.5,7.0,6.5,8.0,6.1,6.9,7.1,5.0,,,7.0,,6.4,0.7,5.2,,6.1,6.1,6.1,6.1,5.3,5.7,3.7,6.0,5.3,1.0,5.8,,0.75,5.6,6.3,3,0
PS42161,8.6,6.2,6.7,7.3,7.5,7.0,6.5,6.5,7.0,6.5,8.0,6.1,6.9,7.1,5.0,,,7.0,,6.4,0.7,5.2,,6.1,6.1,6.1,6.1,5.3,5.7,3.7,6.0,5.3,1.0,5.8,,0.77,5.9,7.1,2,1
PS42232,1.0,9.5,8.7,8.7,8.0,8.2,7.8,7.7,7.8,7.0,8.5,7.9,9.2,9.0,7.9,9.8,8.5,8.9,7.7,8.4,7.8,8.5,8.5,7.8,7.4,8.3,7.5,8.1,8.5,7.7,8.8,7.3,1.0,7.2,,0.83,5.7,6.2,1,1
PS42235,1.0,9.5,8.7,8.7,8.0,8.2,7.8,7.7,7.8,7.0,8.5,7.9,9.2,9.0,7.9,9.8,8.5,8.9,7.7,8.4,7.8,8.5,8.5,7.8,7.4,8.3,7.5,8.1,8.5,7.7,8.8,7.3,1.0,7.2,,0.74,5.9,7.5,3,1
PS42267,6.3,7.2,,8.7,7.6,6.5,6.6,7.0,6.2,7.2,8.2,5.7,3.7,7.7,5.8,7.3,6.0,8.7,5.6,7.8,5.5,5.5,6.5,,5.7,6.7,,,,,7.2,6.1,,,,0.82,5.5,5.2,3,1
PS42272,8.2,6.7,8.5,8.2,7.4,7.8,6.4,5.2,6.1,,7.8,6.2,6.6,5.9,6.4,9.7,7.3,2.6,6.2,6.4,6.7,6.5,6.5,,6.6,7.0,,,,,5.6,,,,,0.65,5.8,6.0,3,1
PS42281,1.0,9.9,8.8,7.8,7.3,7.3,7.2,5.8,6.9,7.3,8.0,5.9,6.7,7.2,7.6,8.5,5.5,6.6,5.6,7.7,6.8,6.0,7.3,,6.0,7.6,,,,,6.8,7.7,1.0,,,0.69,7.0,7.1,2,0
PS42285,1.0,9.9,8.8,7.8,7.3,7.3,7.2,5.8,6.9,7.3,8.0,5.9,6.7,7.2,7.6,8.5,5.5,6.6,5.6,7.7,6.8,6.0,7.3,,6.0,7.6,,,,,6.8,7.7,1.0,,,0.81,5.4,5.4,2,0
PS42291,7.0,9.1,8.7,7.5,7.7,6.7,6.9,7.1,5.4,7.3,8.4,6.6,7.4,6.2,7.2,9.7,5.5,6.5,5.5,7.2,6.6,5.7,7.3,,5.7,5.5,,,,,6.0,6.9,1.0,,,0.70,5.1,5.9,1,0
PS42295,6.0,9.6,7.8,7.2,7.3,7.0,5.3,6.6,,,8.0,6.1,7.4,5.9,7.2,9.2,6.5,6.5,5.7,8.1,8.1,6.0,7.2,5.8,6.7,6.9,6.4,6.4,8.6,8.0,6.5,7.5,1.0,6.9,,0.79,6.2,6.4,2,1
PS42299,7.0,1.0,7.0,7.7,7.3,7.1,*,*,*,6.2,8.7,8.1,8.6,7.3,7.7,8.7,6.2,8.5,6.7,8.1,7.4,6.0,7.9,,7.7,7.5,,,,,6.3,8.2,1.0,,,0.75,6.8,6.0,2,1
PS42324,8.5,9.1,6.7,8.0,6.5,6.9,7.3,5.7,7.2,6.4,7.2,7.4,6.2,7.1,6.0,8.0,5.8,5.5,6.0,6.9,6.9,7.0,7.4,6.3,6.0,6.4,5.2,5.5,6.0,5.5,5.7,5.6,1.0,7.4,,0.67,5.6,6.4,2,1
PS42334,7.0,9.6,6.3,7.7,7.7,7.6,7.6,6.9,5.9,6.9,8.0,7.1,8.5,7.6,6.9,9.3,5.6,5.5,5.6,7.7,7.6,6.0,7.8,6.0,6.0,7.0,5.3,5.5,5.6,5.9,5.9,7.2,1.0,6.5,,0.68,5.1,7.0,2,1
PS42348,1.0,1.0,8.7,8.8,7.8,7.6,*,*,8.3,7.3,9.9,9.9,9.6,9.2,9.3,9.0,1.0,9.0,7.7,7.3,6.4,1.0,8.9,,7.2,7.0,,,,,6.9,7.6,1.0,,,0.85,7.2,6.0,2,0
PS42395,1.0,9.0,7.7,9.7,6.1,6.9,*,*,7.9,7.8,9.8,9.3,7.2,6.5,7.7,9.2,5.6,8.9,7.0,7.0,7.5,6.0,8.8,,7.6,8.0,,,,,7.8,7.3,1.0,,,0.77,5.1,6.1,1,0
PS42451,1.0,8.5,7.3,8.3,6.2,8.3,8.1,8.1,8.2,7.7,8.3,8.3,8.8,7.6,6.3,9.2,5.9,8.5,7.2,7.7,8.4,6.9,6.6,,6.1,7.3,,,,,9.6,7.3,1.0,,,0.74,7.1,6.2,1,1
PS42618,5.9,9.2,7.2,7.5,7.6,8.0,8.3,7.7,6.4,8.2,8.8,7.0,7.5,7.9,6.3,8.8,6.0,1.0,6.0,7.5,8.1,7.0,7.8,,7.1,6.9,,,,,6.4,7.4,1.0,,,0.83,7.4,5.1,3,0
PS42624,7.0,9.9,8.7,7.7,7.7,7.7,7.7,6.4,,,8.7,6.9,6.7,7.6,7.7,9.0,6.1,6.0,6.0,8.2,7.8,5.5,7.2,8.3,6.4,7.6,7.6,6.5,9.1,8.3,7.8,7.2,1.0,8.1,,0.66,6.1,7.2,1,1
PS42626,7.8,6.4,7.2,9.3,6.2,8.0,8.2,7.8,8.0,7.1,6.8,7.4,8.8,8.3,8.2,9.0,9.6,6.8,5.1,8.1,7.8,6.0,9.1,8.9,4.3,9.4,,,,,,,,,,0.75,7.0,5.1,1,0
PS42664,8.5,9.1,8.0,6.3,6.4,7.2,7.6,6.6,7.0,7.3,6.8,5.1,5.2,5.7,6.9,8.3,5.7,5.8,5.6,5.2,5.9,5.0,6.3,5.5,7.0,6.7,6.6,5.1,7.9,7.4,7.8,7.7,1.0,8.6,,0.82,6.9,5.6,1,1
PS42665,8.0,9.9,7.3,6.5,7.9,9.0,6.5,6.9,6.7,7.5,8.8,8.3,8.1,7.6,9.1,9.2,8.5,9.5,7.0,9.1,8.4,1.0,8.9,8.7,7.7,9.7,9.4,9.2,9.1,8.3,7.3,8.6,1.0,8.0,,0.78,5.2,5.6,2,0
PS42734,1.0,9.0,8.5,9.7,7.8,7.9,*,*,*,8.4,8.5,8.5,7.9,7.6,7.6,9.3,9.8,6.0,7.1,7.6,7.6,1.0,8.4,,7.5,9.1,,,,,8.4,6.7,1.0,,,0.65,7.2,5.7,1,1
PS42775,8.5,9.1,7.3,6.8,6.5,6.0,6.4,6.8,7.2,5.5,8.6,8.9,7.2,,9.3,8.5,6.5,6.7,6.2,,,6.9,8.5,,6.9,7.6,,,,,7.2,6.5,,,,0.67,7.2,6.6,3,1
PS42798,8.5,9.1,7.3,6.8,6.5,6.0,6.4,6.8,7.2,5.5,8.6,8.9,7.2,,9.3,8.5,6.5,6.7,6.2,,,6.9,8.5,,6.9,7.6,,,,,7.2,6.5,,,,0.76,5.9,7.5,3,1
PS42899,7.1,6.8,8.3,6.8,6.4,7.8,6.1,6.4,6.6,6.6,8.0,6.8,7.5,8.0,7.1,8.8,6.0,5.0,6.2,6.1,7.9,6.0,6.1,7.0,6.6,9.0,7.1,6.1,7.0,6.8,7.6,7.0,1.0,7.1,,0.81,6.4,5.6,3,0
PS42924,1.0,1.0,8.2,8.8,8.2,9.2,*,*,*,7.8,9.1,9.3,1.0,9.6,9.7,8.8,9.5,9.5,9.1,7.9,8.3,7.0,8.7,,6.4,9.0,,,,,7.9,8.1,1.0,,,0.72,7.0,5.5,2,1
PS42930,1.0,9.9,8.2,9.2,7.7,9.3,*,*,*,6.8,8.4,9.4,9.5,9.3,8.9,9.7,9.5,7.7,9.5,8.2,8.6,1.0,8.8,8.7,7.5,7.9,8.4,9.8,8.4,8.8,7.2,6.5,1.0,8.4,,0.73,5.2,5.8,3,0
PS42972,9.5,8.8,6.3,5.8,7.6,,8.7,8.0,7.8,7.1,3.7,0.9,6.4,2.1,1.5,7.2,,0.4,3.4,,2.3,0.5,3.0,,0.4,1.0,,,,,,,,,,0.41,4.6,4.7,6,4
PS43102,5.2,5.9,6.8,9.3,6.7,7.1,6.9,7.5,6.9,7.0,8.8,6.3,8.1,6.3,0.6,7.0,8.0,,6.1,6.4,6.1,6.0,6.0,5.2,6.1,7.0,7.2,5.8,5.5,6.2,6.4,5.2,1.0,6.3,,0.66,6.4,6.0,3,1
PS43217,5.2,5.9,6.8,9.3,6.7,7.1,6.9,7.5,6.9,7.0,8.8,6.3,8.1,6.3,0.6,7.0,8.0,,6.1,6.4,6.1,6.0,6.0,5.2,6.1,7.0,7.2,5.8,5.5,6.2,6.4,5.2,1.0,6.3,,0.84,7.3,5.0,3,0
PS43992,6.5,8.9,7.2,5.8,7.3,7.2,*,*,*,3.5,7.7,5.9,6.3,7.1,5.8,6.3,5.5,9.0,5.6,7.4,6.5,5.1,1.3,5.5,6.1,0.6,6.2,5.2,5.9,5.8,0.8,0.6,,,,0.70,6.5,5.2,3,0
PS44028,9.0,7.8,7.8,*,7.1,5.3,7.2,6.2,7.3,6.1,8.7,6.0,7.2,6.6,6.1,8.0,1.0,6.5,6.3,6.6,6.4,6.2,6.1,5.7,7.2,7.3,6.0,5.3,7.5,5.8,6.7,,,,,0.83,5.7,5.2,3,1
PS44060,9.0,9.0,8.2,7.5,7.3,5.8,7.6,7.5,7.6,7.5,9.2,8.3,9.3,8.6,7.6,1.0,9.0,1.0,8.1,8.9,6.7,8.1,6.2,7.3,6.9,7.8,7.1,9.1,7.9,8.5,7.4,7.8,,,,0.71,7.5,5.1,1,0
PS44075,9.0,9.0,8.2,7.5,7.3,5.8,7.6,7.5,7.6,7.5,9.2,8.3,9.3,8.6,7.6,1.0,9.0,1.0,8.1,8.9,6.7,8.1,6.2,7.3,6.9,7.8,7.1,9.1,7.9,8.5,7.4,7.8,,,,0.70,7.3,5.1,3,1
PS44115,1.0,8.8,8.5,7.5,8.3,7.8,7.6,7.2,7.1,7.2,7.7,8.6,9.3,8.1,7.5,9.7,1.0,9.9,8.9,8.7,7.9,7.7,7.6,8.3,7.3,7.8,6.7,7.7,8.6,7.3,7.3,6.8,,,,0.85,5.3,5.9,1,0
PS44152,1.0,8.1,6.5,7.0,6.9,8.4,7.6,6.3,6.5,7.1,7.6,7.0,7.2,8.3,6.5,7.8,5.6,9.4,5.5,7.6,8.3,7.8,6.2,7.0,7.4,8.0,7.3,8.5,7.6,8.9,7.5,8.6,,,,0.72,6.6,7.2,2,1
PS44179,8.0,7.4,1.0,8.8,7.7,7.4,7.7,7.1,7.3,7.8,9.0,7.2,7.7,8.2,6.9,1.0,5.8,6.5,6.5,6.4,6.4,7.0,7.2,6.8,6.5,7.4,6.4,7.8,7.0,6.6,7.1,6.5,,,,0.76,5.8,5.4,1,1
PS44208,8.0,8.5,9.7,7.0,8.1,8.2,7.1,7.1,6.5,6.1,9.8,8.2,9.2,8.4,8.1,9.5,9.5,1.0,8.4,9.1,7.9,8.6,8.3,,8.0,9.0,,,,,8.0,7.8,,,,0.73,6.3,5.8,1,0
PS44210,8.8,8.1,8.3,7.8,7.3,7.9,*,*,*,7.6,6.7,5.1,6.5,7.0,6.1,9.5,6.2,5.8,5.5,6.4,7.4,5.8,5.3,6.3,8.1,8.6,6.5,8.1,6.8,7.3,9.2,7.8,,,,0.65,6.5,5.8,1,0
PS44234,8.1,8.4,8.2,7.0,8.5,8.2,6.7,7.5,6.5,7.2,7.1,6.9,7.1,7.4,6.7,8.3,8.5,5.6,6.1,6.7,8.2,6.9,7.2,7.6,7.4,7.5,6.9,7.7,7.4,7.4,7.5,7.8,,,,0.72,5.1,5.8,3,0
PS44298,7.5,9.1,7.5,7.7,8.0,7.1,7.3,7.0,6.5,5.7,8.8,7.8,9.1,8.0,7.3,9.8,9.0,7.7,7.5,8.6,6.5,6.6,5.6,5.5,6.7,7.6,6.4,8.1,7.1,7.3,7.0,7.6,,,,0.68,5.9,5.1,2,0
PS44320,1.0,8.4,9.7,7.0,8.2,7.8,7.4,6.8,8.1,7.8,8.0,5.4,6.8,7.1,5.8,9.8,5.8,7.0,6.5,7.4,7.9,6.4,9.2,6.3,6.5,7.0,6.9,6.6,7.6,7.0,7.6,6.3,,,,0.68,6.1,5.0,2,1
PS44350,1.0,8.3,8.5,8.2,8.0,7.5,*,*,*,7.6,8.9,9.1,8.3,8.1,9.0,8.2,7.7,1.0,7.7,9.1,8.6,7.3,6.5,9.2,6.4,8.3,6.6,8.7,7.0,8.6,8.3,8.8,,,,0.84,6.9,5.9,2,1
PS44425,7.0,8.9,6.0,9.3,8.1,8.3,*,*,6.3,7.0,7.9,6.6,7.0,7.7,6.2,9.8,6.9,5.2,6.3,6.5,7.7,6.2,6.0,6.7,6.9,6.8,6.0,6.1,6.8,6.7,6.7,7.5,,,,0.74,6.9,6.0,2,1
PS44452,8.5,8.0,7.8,7.8,7.2,7.6,7.1,7.0,6.5,6.8,8.5,7.4,7.3,8.1,6.6,9.5,6.1,8.5,7.4,8.6,7.9,7.4,9.2,8.2,6.7,7.5,6.5,7.2,7.8,7.2,7.2,6.2,,,,0.74,5.5,5.1,3,1
PS44460,9.5,8.8,,7.7,8.6,8.8,*,*,8.1,6.4,8.0,7.3,7.5,7.9,1.8,8.8,1.0,5.5,3.0,6.0,7.6,5.7,0.3,6.0,3.0,,2.1,3.0,,3.0,,,,,,0.82,6.6,7.5,1,0
PS44488,8.0,9.3,9.7,9.0,8.5,8.7,*,*,*,9.0,9.4,8.4,9.1,,8.5,1.0,,,,,7.5,,,,,,,,,,8.7,8.1,,,,0.86,8.5,9.2,0,0
PS44497,9.0,9.9,1.0,9.3,9.1,9.5,7.9,7.3,7.4,7.3,9.7,9.2,9.0,9.3,9.4,9.3,1.0,8.0,9.0,9.2,8.4,9.0,1.0,9.3,9.3,9.4,8.9,9.5,9.9,9.2,9.6,8.8,,,,0.94,8.7,8.0,1,0
PS44502,8.0,8.7,9.8,9.3,7.9,8.5,8.4,7.0,7.0,7.1,8.2,8.3,7.5,8.1,6.9,9.8,6.2,7.0,5.3,6.6,6.6,7.7,6.8,7.9,6.9,8.2,9.0,8.9,8.6,7.4,7.8,7.2,,,,0.76,5.2,6.1,3,1
PS44511,7.9,8.1,6.2,6.7,7.6,7.5,7.2,6.8,7.8,7.2,8.8,8.2,7.3,7.5,7.6,1.0,8.3,6.0,7.8,7.9,7.9,7.9,7.2,9.0,6.9,7.5,8.2,7.7,7.1,7.9,6.5,6.3,,,,0.82,6.8,6.5,1,0
PS44538,1.0,6.9,5.5,7.7,7.9,6.7,5.4,5.4,5.6,4.2,8.3,5.4,6.9,6.7,4.6,8.0,7.1,5.5,6.1,6.3,6.6,6.2,6.5,6.3,6.5,6.1,5.8,6.2,6.0,5.3,6.7,5.3,,,,0.77,6.4,5.1,1,0
PS44561,1.0,8.7,1.0,9.3,8.0,7.7,7.5,7.3,8.3,7.5,8.2,8.6,8.2,8.8,7.4,1.0,8.8,6.5,6.9,6.7,7.5,7.2,7.2,6.4,6.0,7.6,7.1,7.7,6.9,7.0,8.7,7.0,,,,0.66,7.5,7.4,1,1
PS44596,9.5,8.4,7.8,8.5,7.1,7.9,8.5,7.8,9.0,8.1,8.3,7.4,7.0,7.0,6.9,9.3,8.2,5.5,6.8,6.7,6.2,6.5,7.8,7.1,6.3,7.2,6.8,7.6,7.5,6.6,6.3,6.2,,,,0.76,6.4,5.0,3,0
PS44603,1.0,8.9,8.8,8.7,7.4,8.2,7.9,8.4,8.9,7.3,9.1,8.6,8.1,8.7,7.9,9.2,8.7,6.7,8.5,7.7,7.4,7.0,7.6,9.0,6.1,8.1,6.5,8.6,7.3,8.4,7.1,8.0,,,,0.78,6.3,5.2,1,1
PS44637,7.5,8.1,7.2,8.2,7.3,7.5,*,*,*,8.0,1.7,6.5,6.9,7.1,6.8,8.3,8.0,7.8,6.1,8.6,7.1,5.9,7.5,8.0,7.0,7.0,5.9,7.3,8.4,5.7,6.4,6.0,,,,0.77,5.6,7.0,2,0
PS44639,7.9,8.4,8.2,7.5,7.8,8.3,*,*,8.0,7.5,7.4,7.2,7.2,8.0,7.7,8.8,6.3,6.2,5.9,6.8,7.7,7.7,8.0,7.5,5.9,7.6,6.8,6.6,7.4,6.5,7.6,7.4,,,,0.79,7.2,6.4,2,1
PS44670,8.5,8.2,7.0,7.7,7.6,8.1,*,*,*,7.8,7.8,7.0,6.8,8.3,6.3,8.7,7.1,5.5,7.6,7.0,7.3,7.1,8.3,8.0,7.5,6.3,7.7,7.8,7.2,6.5,7.8,7.8,,,,0.84,7.1,6.8,3,1
PS44675,6.5,8.9,8.0,*,8.4,7.7,7.4,7.8,8.6,7.8,9.9,7.5,8.1,8.1,6.9,7.0,9.0,5.0,7.1,7.9,8.1,7.2,8.3,7.9,7.5,8.0,8.8,7.9,8.4,6.9,7.8,2.8,,,,0.78,6.0,6.7,1,1
PS44695,9.0,8.9,8.3,9.0,7.9,8.0,*,*,7.4,7.7,9.6,8.7,8.3,8.9,8.3,1.0,9.7,9.9,9.1,8.1,7.8,9.1,9.3,9.1,8.8,8.5,8.3,8.5,9.8,8.5,5.7,8.0,,,,0.99,8.4,9.3,0,0
PS44705,9.0,8.5,8.3,8.2,7.1,7.2,6.2,6.9,6.1,6.6,7.7,7.6,7.6,8.2,7.3,9.8,7.8,6.6,7.1,7.2,6.6,7.1,8.1,8.1,6.7,7.4,6.0,7.9,7.8,7.9,6.0,7.3,,,,0.73,7.3,5.5,2,0
PS44728,1.0,7.0,8.5,8.5,7.4,6.9,7.0,5.3,5.9,6.9,7.9,6.6,6.9,7.2,5.3,9.5,5.7,5.6,6.0,6.3,7.0,5.9,8.0,6.7,5.6,6.5,5.6,5.9,6.4,5.3,5.9,7.5,,,,0.68,5.4,5.9,3,1
PS44756,9.5,7.3,8.0,6.5,7.4,8.9,6.9,7.9,6.9,6.3,7.8,7.2,7.2,7.2,6.7,9.0,5.5,5.6,6.9,7.6,7.0,7.0,8.1,7.6,5.9,7.0,5.8,7.5,6.5,7.5,6.2,7.8,,,,0.71,7.1,6.5,2,0
PS44775,1.0,8.1,,9.0,7.4,,7.2,6.6,2.9,,7.2,6.6,7.3,6.0,4.6,,,,1.9,,,2.5,0.3,,,,0.6,,,,,,,,,0.42,3.8,2.5,6,1
PS44783,1.0,8.0,7.8,8.8,8.0,7.0,7.0,7.4,7.2,7.7,8.6,6.9,7.6,7.5,5.4,9.0,5.0,5.0,5.8,6.3,6.9,6.0,7.6,7.0,5.6,5.7,5.6,5.5,6.2,5.3,4.3,5.3,,,,0.72,5.0,7.4,2,0
PS44789,7.0,7.7,7.5,6.5,6.8,5.9,*,*,7.2,6.6,7.9,6.3,6.8,6.1,5.5,7.7,7.8,6.1,5.8,6.6,7.7,5.7,8.4,6.0,6.1,6.6,6.3,6.0,5.6,5.2,6.0,,,,,0.79,5.6,7.1,2,1
PS44792,5.7,7.7,8.5,7.8,6.7,7.9,6.1,6.9,6.5,6.8,8.3,7.1,7.5,7.0,6.9,8.8,7.7,5.7,7.6,7.9,7.0,6.9,8.1,7.6,6.4,7.0,6.1,8.2,6.6,7.8,6.4,8.0,,,,0.67,6.8,5.6,3,0
PS44795,8.0,8.6,9.2,9.0,7.0,7.0,6.1,6.0,6.2,7.1,8.5,7.5,7.3,8.6,8.1,8.7,6.6,7.1,6.9,7.9,7.7,7.5,8.4,7.9,7.0,6.2,6.4,7.3,6.9,6.3,5.0,6.6,,,,0.81,5.3,5.5,3,1
PS44796,7.9,8.8,6.5,8.5,7.8,7.1,6.6,6.5,6.7,1.0,7.8,6.5,7.1,7.2,6.4,7.3,6.4,3.0,5.4,7.7,6.7,6.4,7.0,5.8,6.0,6.4,6.2,6.9,5.6,5.5,1.0,6.0,,,,0.79,5.6,6.4,2,1
PS44803,9.0,7.9,7.2,7.0,6.9,6.8,6.0,6.7,7.6,6.4,8.8,7.8,7.5,7.9,7.7,8.2,7.7,6.0,7.3,7.8,7.8,7.4,8.8,8.5,7.4,6.3,7.8,7.6,7.6,6.8,6.8,6.8,,,,0.70,7.2,5.6,1,1
PS44860,9.5,7.7,9.0,7.3,7.1,7.5,6.3,6.5,7.1,6.8,8.3,6.6,7.2,7.5,6.6,8.3,5.5,7.0,7.1,7.4,8.1,6.6,8.0,8.9,6.2,6.8,5.8,7.5,6.6,7.4,5.9,7.0,,,,0.66,6.1,4.2,1,1
PS44866,1.0,7.4,8.2,6.8,7.1,7.0,5.8,5.8,7.2,7.3,7.9,6.6,6.8,6.4,6.3,9.2,9.5,6.1,5.7,6.8,6.6,6.3,7.6,6.9,6.2,7.6,6.1,7.2,6.2,7.3,6.4,7.6,,,,0.67,5.6,5.9,3,0
PS44873,8.8,8.5,8.7,8.8,7.9,7.2,7.8,7.6,7.6,7.5,8.1,7.1,7.2,7.7,6.6,9.7,9.0,6.0,6.3,7.6,8.2,7.4,8.5,8.8,7.8,6.9,7.0,8.6,6.6,8.4,6.4,8.2,,,,0.82,6.9,7.3,1,1
PS44881,7.0,8.1,1.0,8.5,8.4,8.2,5.7,6.9,7.0,6.1,8.9,7.8,7.9,7.8,6.5,8.5,9.6,6.3,7.1,7.6,7.6,6.6,8.8,8.1,6.9,6.8,7.1,8.4,7.0,9.2,6.6,7.5,,,,0.74,5.3,5.3,3,1
PS44885,9.3,7.4,7.5,7.7,6.1,8.4,5.6,6.9,6.9,6.2,8.2,7.4,8.3,6.9,6.6,7.7,6.2,6.2,6.3,8.5,7.8,7.0,8.0,8.4,7.4,7.2,6.2,7.6,7.6,8.7,5.4,8.0,,,,0.69,6.5,5.7,2,1
PS44893,9.0,7.7,7.3,6.3,7.4,8.1,5.7,5.4,,,6.8,6.0,6.3,2.4,6.4,7.7,,5.5,,5.0,,5.1,5.8,6.4,4.7,6.5,,,,,,,,,,0.68,6.2,7.4,2,1
PS44895,7.3,8.5,7.7,8.7,7.0,,5.3,5.3,7.6,7.2,7.7,5.4,7.5,6.8,5.9,8.2,9.0,6.5,7.1,7.7,8.3,6.8,7.5,6.2,6.4,6.4,7.9,7.1,7.0,7.2,6.6,6.2,,,,0.70,7.3,6.8,3,1
PS44915,7.5,8.0,7.8,8.8,6.8,7.4,7.9,7.5,7.9,6.8,8.0,7.2,7.7,8.7,7.4,8.3,8.3,6.1,7.4,7.7,8.2,7.1,8.8,8.1,7.5,6.6,7.2,9.1,7.5,8.8,6.2,7.7,,,,0.70,7.2,5.7,2,1
PS44934,5.9,6.9,,6.8,6.4,,6.2,5.9,5.2,,7.7,6.3,6.3,2.7,5.6,,,,0.6,,2.9,,,,,,,,,,,,,,,0.79,5.9,6.5,1,0
PS44992,7.0,8.3,7.3,6.3,7.9,6.8,6.2,,,,6.4,6.0,6.6,8.1,6.5,9.3,8.3,7.5,5.9,6.3,7.2,8.6,7.8,8.2,6.3,7.4,,,6.6,6.1,,7.3,,,,0.81,7.3,7.0,2,1
PS44995,8.0,7.5,1.0,7.8,0.8,7.3,*,*,6.4,6.5,7.0,6.9,7.7,7.8,6.4,7.7,5.5,0.5,4.3,1.9,5.4,4.4,,6.0,2.9,,1.6,1.8,1.3,,,0.2,,,,0.43,3.8,4.9,5,4
PS45006,9.5,7.7,7.8,7.2,8.4,6.8,3.3,,,,7.7,6.8,7.9,6.7,6.1,9.5,7.3,6.0,7.3,6.0,7.1,8.9,1.0,8.3,7.8,7.4,6.3,6.3,7.6,6.1,7.7,6.8,,,,0.69,5.5,7.2,2,0
PS45020,9.5,7.6,8.0,7.7,7.1,7.1,5.6,7.2,6.2,6.2,8.2,6.1,7.0,7.1,6.3,8.7,7.8,6.5,6.1,6.2,6.1,7.0,7.8,8.2,7.5,6.9,7.5,7.1,7.6,6.9,7.2,7.1,,,,0.71,7.3,7.4,3,0
PS45113,7.9,9.6,7.3,8.3,7.2,6.1,6.2,6.2,6.6,6.4,8.0,6.8,6.5,8.0,6.2,7.5,7.3,5.5,5.8,6.4,5.7,5.5,8.3,7.8,6.7,6.3,8.9,6.9,8.0,7.1,6.1,6.7,,,,0.62,5.4,3.3,1,0
PS45125,8.4,9.0,8.5,7.5,7.2,8.6,*,*,6.6,7.1,6.3,7.0,7.2,8.8,6.9,9.0,8.0,6.1,6.1,6.8,5.9,6.8,6.3,7.8,6.7,6.5,7.1,6.8,7.1,6.7,7.1,7.0,,,,0.74,7.1,5.0,3,1
PS45130,7.6,7.4,7.3,6.7,6.7,7.6,5.9,,,,6.6,5.5,6.2,6.7,4.7,9.3,5.0,5.0,5.0,5.1,5.7,5.3,6.8,6.1,4.5,5.4,7.5,6.9,6.1,5.4,5.2,6.7,,,,0.85,5.5,5.0,3,1
PS45160,7.5,8.0,6.7,7.3,6.7,6.6,6.4,4.1,,,6.5,5.2,6.1,6.3,5.1,7.7,5.0,5.0,5.2,0.4,5.3,5.3,6.8,5.7,5.1,5.2,6.7,6.2,5.1,5.1,4.6,5.2,,,,0.80,6.0,6.3,2,1
PS45168,6.0,8.7,7.8,7.7,7.1,8.7,7.7,7.0,7.4,7.3,7.3,6.1,7.4,6.8,6.1,9.3,6.0,6.0,5.7,6.2,5.5,7.3,6.6,,5.7,6.6,,,,,7.1,8.2,,,,0.74,6.5,5.2,3,0
PS45184,7.0,7.0,5.8,6.2,6.5,7.6,6.3,4.0,,,6.1,5.2,6.7,6.7,8.5,8.7,0.5,5.0,0.5,6.3,2.0,5.4,6.5,6.5,5.6,5.7,5.9,5.2,5.6,5.8,4.6,6.6,,,,0.81,5.8,5.8,2,1
PS45221,1.0,8.1,8.7,7.7,6.5,8.5,7.7,6.6,7.5,8.0,9.1,8.4,8.7,8.6,8.9,8.0,7.5,1.0,6.1,7.3,6.9,7.5,6.7,8.1,6.1,6.3,7.6,9.4,8.2,9.0,7.5,9.0,,,,0.82,5.9,7.1,3,1
PS45228,9.8,8.2,9.2,9.3,5.0,7.6,7.0,8.0,6.8,8.0,,7.0,9.3,,2.0,9.8,,,,,,,6.0,,,6.3,,,,,,,,,,0.71,7.3,7.4,2,1
PS45229,8.0,8.7,,9.0,8.0,7.1,7.6,8.3,7.5,8.0,8.2,6.0,6.8,6.9,6.0,9.2,7.5,5.5,5.6,6.0,6.7,5.7,6.8,6.8,5.9,5.9,7.3,6.7,6.9,5.7,6.2,6.9,,,,0.77,7.4,7.5,1,0
PS45236,1.0,8.6,8.3,8.8,6.3,7.7,6.3,7.0,6.3,7.1,8.1,5.9,7.0,7.0,6.2,9.8,6.7,6.0,5.5,6.2,6.9,6.2,6.8,7.4,6.0,6.0,7.5,6.6,6.5,5.8,6.6,7.1,,,,0.67,7.4,7.4,3,1
PS45237,8.0,9.8,8.7,8.3,8.0,8.9,6.5,7.5,7.4,6.9,8.8,8.3,9.6,7.8,8.0,9.7,8.0,1.0,7.2,8.9,8.6,8.8,7.8,9.3,8.7,7.0,7.5,8.8,9.4,7.7,8.2,6.7,,,,0.74,6.5,6.4,3,0
PS45248,6.5,7.8,6.8,6.7,6.6,7.6,6.0,6.0,,,7.2,5.4,5.9,7.3,8.4,8.3,6.0,6.0,5.7,6.5,5.9,7.8,5.6,,6.9,6.1,,,,,7.5,8.1,,,,0.31,6.6,4.2,3,0
PS45249,8.5,9.4,7.3,8.3,7.8,7.8,5.8,6.2,6.3,,8.4,7.4,8.3,8.5,7.1,8.7,8.0,6.1,6.0,7.4,6.2,7.2,6.8,6.8,6.8,6.5,8.6,7.6,8.2,7.4,6.0,6.8,,,,0.66,7.4,6.7,1,1
PS45253,9.0,6.6,1.0,8.2,7.0,,5.9,7.2,6.6,1.1,6.7,5.7,5.9,2.5,1.6,,,,0.5,,0.4,1.3,,5.9,,0.1,1.8,5.8,,1.3,5.5,,,,,0.65,5.0,3.8,3,3
PS45254,9.0,8.4,7.5,8.5,7.4,7.8,6.0,7.6,6.5,7.1,8.4,6.9,8.0,7.0,6.9,8.2,7.5,5.5,5.8,6.5,6.2,7.5,7.1,,7.2,6.4,,,,,8.1,8.1,,,,0.84,5.0,5.8,1,0
PS45273,1.0,8.9,7.3,8.0,7.8,7.5,6.8,7.7,6.1,7.7,9.2,7.8,9.1,7.9,7.8,7.7,8.8,6.5,5.9,5.0,6.0,8.1,6.4,,7.5,6.3,,,,,8.4,7.3,,,,0.69,5.3,7.1,3,0
PS45283,7.7,7.0,,7.8,5.0,,3.3,,,,7.9,5.4,7.5,1.9,1.5,,,0.2,,,,,,,0.5,,,,,,,,,,,0.46,3.2,4.2,4,2
PS45288,1.0,9.5,7.8,8.0,8.9,6.9,7.9,6.0,7.5,7.0,8.4,6.7,9.2,8.2,7.8,8.0,9.0,9.5,6.5,7.7,7.6,7.9,6.8,7.5,6.5,8.2,8.8,7.7,8.3,7.4,6.8,7.6,,,,0.79,7.4,6.0,3,0
PS45290,9.9,7.6,8.3,8.2,7.8,7.3,5.8,6.2,6.5,6.2,8.0,5.8,7.1,7.0,6.4,8.7,5.0,5.5,5.0,3.0,1.3,5.2,,5.6,5.3,5.7,5.4,6.1,5.3,6.0,0.2,7.1,,,,0.78,7.1,5.1,1,0
PS45293,8.9,8.6,7.7,7.0,7.5,7.0,6.8,5.1,5.7,,7.9,7.0,7.0,7.4,7.2,7.0,7.4,6.0,5.5,6.0,6.3,6.8,6.3,5.6,5.4,7.8,8.1,8.4,8.5,7.0,7.2,7.3,,,,0.84,5.4,6.7,1,0
PS45316,1.0,5.4,9.2,8.8,8.0,7.5,7.4,8.0,7.8,8.0,9.1,6.7,9.6,7.7,7.6,9.5,9.5,1.0,6.5,8.3,8.1,8.4,7.5,8.8,7.4,8.2,8.4,8.4,8.5,7.7,7.8,7.8,,,,0.67,6.0,7.3,3,0
PS45324,7.0,9.5,6.7,8.0,7.4,7.4,5.8,6.6,6.8,6.8,8.9,8.3,8.9,8.1,7.5,9.8,1.0,1.0,6.7,8.7,7.7,8.4,8.7,8.4,6.7,6.5,9.3,8.9,9.2,7.6,7.2,6.4,,,,0.68,5.8,6.9,2,0
PS45333,1.0,8.7,8.7,7.0,5.5,6.6,*,*,*,*,7.5,7.6,8.8,6.2,5.9,8.7,8.0,5.6,6.2,5.4,5.8,6.2,5.0,5.2,3.1,5.8,5.3,6.8,5.6,5.7,0.7,6.9,,,,0.82,5.2,5.9,3,0
PS45340,9.0,8.7,6.8,8.0,7.3,6.7,5.9,7.0,6.8,6.6,7.4,7.8,6.9,7.3,8.1,8.8,9.4,8.0,6.5,8.1,7.4,7.2,6.8,7.4,6.7,8.2,8.9,8.4,8.6,7.9,6.7,7.6,,,,0.71,5.4,5.9,3,1
PS45350,9.5,8.5,7.3,6.7,8.0,7.2,6.4,7.1,7.3,6.9,8.0,6.4,8.6,7.4,7.3,9.3,7.3,7.0,5.6,7.7,6.7,7.2,6.3,7.2,6.5,8.0,8.8,7.6,8.1,7.0,6.8,7.3,,,,0.73,5.5,5.7,3,1
PS45354,8.0,7.8,9.8,5.0,8.0,7.1,6.5,5.5,5.2,6.9,6.8,6.3,6.3,7.0,6.4,5.8,7.3,6.5,5.4,6.2,5.8,6.4,6.3,5.7,5.4,8.0,7.3,7.0,7.8,6.1,6.0,6.9,,,,0.66,6.5,6.6,3,0
PS45371,8.5,7.4,1.0,6.5,0.8,,5.4,,,,2.9,5.4,3.8,,3.1,,,,,,,,,,,,,,,,,0.1,,,,0.43,2.4,2.9,4,2
PS45375,5.5,8.4,7.0,7.3,9.0,7.6,7.0,5.9,5.6,,8.4,7.7,9.5,8.5,7.7,9.3,9.5,7.3,5.6,7.3,6.1,6.7,6.6,7.2,5.8,7.3,7.7,8.0,8.4,7.8,6.0,5.8,,,,0.80,5.4,7.0,3,0
PS45383,8.0,8.6,6.8,7.8,7.4,9.0,6.8,5.1,5.3,,7.2,6.3,6.9,6.6,6.8,5.8,6.7,6.0,5.2,6.1,6.5,6.3,6.5,5.6,4.7,7.9,7.0,7.6,7.5,5.9,6.9,6.4,,,,0.67,5.4,7.2,2,0
PS45384,8.2,8.4,6.8,7.2,4.2,7.6,6.3,6.6,7.4,7.3,7.7,6.6,6.8,7.0,7.5,7.2,9.3,7.0,5.0,6.0,5.4,5.1,7.5,5.2,5.2,6.6,5.9,6.6,7.2,6.1,5.1,5.7,,,,0.46,5.6,7.4,2,1
PS45401,6.5,8.0,9.5,8.3,7.7,8.0,8.1,7.4,7.0,7.0,8.1,7.5,8.0,9.4,8.7,9.0,8.0,5.6,7.2,8.6,8.2,8.0,9.3,9.4,7.0,7.6,7.9,8.7,7.9,8.5,7.9,8.0,,,,0.76,7.4,6.2,2,1
PS45413,9.3,7.4,,5.3,5.0,,5.2,2.8,,,6.6,5.7,5.1,5.4,5.7,,,,,,0.9,5.1,,5.0,0.5,0.6,,,,3.0,,,,,,0.46,2.2,3.8,7,4
PS45447,8.0,8.1,7.8,7.0,7.2,7.0,4.8,,,,7.8,6.0,6.1,7.1,7.8,7.3,1.0,5.0,6.0,7.9,7.3,6.0,8.1,6.0,7.2,3.8,7.4,6.3,7.5,8.3,6.5,7.1,,,,0.75,5.7,7.2,3,1
PS45448,1.0,8.8,8.2,5.0,8.5,6.4,*,*,*,7.1,7.4,6.9,6.6,6.9,7.6,8.8,9.0,7.0,6.3,8.3,2.8,7.1,5.8,6.3,6.8,7.9,8.9,8.2,8.1,7.3,7.7,8.0,,,,0.75,6.9,7.2,2,1
PS45459,8.5,7.2,7.3,5.3,8.1,6.4,5.1,5.1,6.5,5.3,7.1,6.8,6.5,6.6,6.3,7.3,6.0,7.7,5.3,5.9,6.4,6.2,5.1,5.5,6.6,7.5,6.9,7.2,7.8,5.8,6.0,5.9,,,,0.80,5.1,7.4,3,1
PS45460,8.8,7.1,6.7,6.7,7.7,7.5,5.5,6.1,6.1,,7.6,6.4,6.3,6.2,6.5,7.5,7.5,7.0,5.1,5.6,2.3,5.0,5.0,5.7,5.7,5.8,7.4,6.0,7.1,5.2,,5.8,,,,0.61,6.6,4.2,3,1
PS45485,9.5,6.1,,7.0,7.1,7.4,2.9,,,,2.2,5.9,6.2,2.2,6.6,,8.0,0.6,,,1.1,5.2,5.3,4.3,,,,,,,,0.2,,,,0.46,3.4,2.4,6,2
PS45491,1.0,9.0,8.7,8.3,7.4,,*,*,*,8.0,8.7,8.1,9.8,8.4,7.2,9.5,8.0,7.3,5.5,5.9,7.5,8.4,8.7,6.9,7.4,5.6,,,,,,,,,,0.65,5.8,5.5,1,0
PS45493,9.0,9.1,8.7,8.5,8.2,8.5,*,*,6.1,5.8,7.4,7.3,7.0,8.8,8.6,9.3,7.5,1.0,7.7,8.4,7.9,9.0,9.1,8.2,7.8,8.1,9.0,6.8,8.7,8.7,7.8,8.5,,,,0.80,7.1,5.1,1,1
PS45569,8.0,8.6,5.3,5.3,8.3,7.6,5.5,,,,8.2,6.6,6.5,6.6,6.9,6.8,7.7,7.0,5.4,5.2,5.5,5.7,5.1,5.4,6.5,7.2,6.9,5.5,6.8,6.2,6.4,6.9,,,,0.83,6.5,5.2,1,1
PS45603,1.0,9.3,6.2,6.0,6.5,7.7,6.2,6.2,7.0,6.4,6.9,7.3,6.2,6.5,6.5,7.7,7.7,6.0,5.5,5.9,6.3,6.0,5.8,6.1,6.9,7.8,8.7,7.4,7.8,7.1,6.7,7.8,,,,0.76,5.6,3.5,1,1
PS45605,1.0,8.8,,8.0,8.5,2.5,6.5,1.4,,,8.2,6.4,6.7,6.4,7.0,,0.8,,3.2,,1.0,,,,,,,,,,,,,,,0.73,5.4,7.5,1,0
PS45606,9.1,8.3,9.5,7.2,8.0,7.0,8.1,8.0,7.1,6.9,8.0,8.4,7.2,8.4,6.8,9.7,7.2,6.0,5.6,7.1,7.3,6.6,7.8,5.9,6.1,6.1,1.7,6.4,6.6,5.1,3.8,2.2,,,,0.69,7.5,5.6,2,1
PS45647,9.0,8.7,8.8,8.2,7.9,8.5,*,*,6.9,7.1,8.2,8.7,7.7,7.6,7.0,1.0,7.8,8.0,6.4,7.9,7.8,7.5,8.6,7.7,7.8,6.2,7.4,6.5,8.8,7.8,7.7,8.3,,,,0.68,6.9,6.8,1,0
PS45657,1.0,8.7,9.3,7.2,7.3,8.0,*,*,*,8.0,9.5,8.1,9.4,8.6,7.2,1.0,7.5,1.0,7.4,7.6,7.8,7.9,7.8,,6.3,8.2,,,,,8.1,8.1,,,,0.71,6.3,7.1,1,1
PS45666,1.0,9.2,8.7,8.2,7.5,8.5,7.0,7.1,6.3,7.9,8.8,7.8,8.5,7.6,6.8,9.5,7.5,1.0,7.0,7.7,8.0,8.0,7.6,,8.0,7.3,,,,,9.2,8.4,,,,0.66,5.3,6.9,3,0
PS45673,7.8,8.4,8.0,7.5,8.1,8.1,7.3,7.8,6.7,7.3,9.6,8.2,8.4,6.9,6.9,9.5,1.0,7.5,8.0,7.4,6.8,8.8,7.6,8.6,8.1,7.0,8.4,8.2,8.9,7.5,6.6,7.6,,,,0.84,5.1,5.8,1,1
PS45680,6.3,7.2,9.8,7.5,7.7,8.9,*,*,7.6,7.2,8.1,8.3,6.6,7.7,5.9,1.0,7.3,7.5,5.9,6.5,6.8,6.5,7.3,6.7,5.7,5.8,6.7,6.6,7.8,6.7,7.8,7.2,,,,0.81,5.8,6.1,2,1
PS45701,1.0,7.7,6.5,7.8,6.7,7.5,*,*,*,8.7,9.4,7.0,7.2,6.8,6.6,8.7,8.5,7.0,5.6,5.6,7.3,6.7,8.4,6.7,7.8,5.7,7.2,6.8,8.3,7.1,7.9,8.1,,,,0.66,7.0,6.1,3,1
PS45714,6.8,7.1,5.7,6.2,7.6,7.6,5.4,6.2,7.7,6.2,7.8,6.5,6.2,6.9,7.0,8.5,7.5,9.0,6.1,5.7,7.4,6.9,8.4,5.3,8.4,7.5,5.2,5.8,7.6,5.4,7.2,6.6,,,,0.81,5.4,7.3,1,0
PS45717,1.0,9.0,7.3,5.8,8.2,9.2,2.8,,,,6.2,7.1,7.2,7.9,8.0,7.5,5.8,7.5,5.6,5.5,6.3,7.1,6.5,6.6,6.3,6.5,6.2,6.0,6.8,6.0,6.2,7.8,,,,0.73,5.6,5.6,1,0
PS45775,9.0,7.5,7.0,5.7,7.9,8.0,*,*,7.7,7.4,6.6,6.1,7.8,8.9,6.9,1.0,7.0,9.0,5.8,7.6,7.5,7.6,8.4,7.5,7.1,7.6,6.2,6.2,7.3,5.7,6.6,6.7,,,,0.82,5.4,7.5,2,0
PS45798,8.0,7.3,,5.7,6.3,7.2,6.7,6.7,4.4,,9.2,7.2,6.2,6.2,5.4,8.2,6.0,5.5,4.5,5.2,5.7,6.0,6.2,5.5,5.8,7.3,5.4,1.4,6.2,5.7,6.2,5.4,,,,0.69,5.5,6.2,1,1
PS45799,6.0,8.1,5.3,8.8,2.7,7.6,6.8,7.1,3.9,,7.2,7.4,6.5,7.0,5.0,8.7,5.0,6.3,5.5,5.5,4.8,7.8,7.4,7.3,5.9,6.5,5.9,5.7,6.7,3.5,1.0,5.9,,,,0.52,5.4,7.4,3,1
PS45804,8.0,8.9,6.7,8.5,7.8,8.2,6.6,6.3,6.9,7.0,9.4,7.8,8.4,7.6,7.6,8.0,8.5,1.0,8.6,7.7,8.2,9.1,1.0,8.9,8.0,7.9,8.6,8.5,8.5,8.3,8.7,8.3,,,,0.76,5.3,6.0,1,1
PS45813,8.0,8.3,8.5,8.2,6.4,7.7,7.2,7.8,7.8,8.3,8.0,7.4,8.9,7.5,6.8,9.5,1.0,5.0,7.0,7.6,6.0,6.9,8.3,6.9,7.2,7.1,7.9,6.1,8.4,6.1,7.1,7.7,,,,0.79,7.5,6.9,3,1
PS45818,9.5,8.5,6.3,6.2,7.1,7.1,5.8,,,,7.1,6.2,7.3,7.1,5.0,6.5,7.5,1.0,5.8,5.0,6.4,5.6,6.2,5.4,5.7,,6.0,4.6,5.6,5.1,6.1,,,,,0.68,5.6,5.4,2,1
PS45820,5.3,8.6,7.7,5.3,7.6,7.9,7.5,7.9,7.2,7.6,7.3,6.8,7.2,7.5,5.7,7.8,9.5,5.4,6.0,6.4,6.3,7.1,,7.0,4.3,,3.4,5.9,,5.5,6.4,6.6,,,,0.71,6.4,5.1,3,1
PS45839,9.0,8.5,5.2,7.0,5.5,7.5,6.0,6.6,,,6.8,6.6,6.6,6.8,5.7,7.0,5.2,5.8,5.6,5.0,5.5,6.7,8.0,6.4,6.3,6.2,5.5,5.8,8.0,5.2,6.1,6.0,,,,0.81,6.4,6.0,3,1
PS45852,9.0,8.5,5.2,7.0,5.5,7.5,6.0,6.6,,,6.8,6.6,6.6,6.8,5.7,7.0,5.2,5.8,5.6,5.0,5.5,6.7,8.0,6.4,6.3,6.2,5.5,5.8,8.0,5.2,6.1,6.0,,,,0.45,6.6,6.5,1,0
PS45871,9.3,8.6,8.0,8.7,7.6,8.3,7.8,6.7,6.7,7.2,8.2,8.2,9.7,7.3,7.2,1.0,8.0,9.5,6.4,7.3,6.7,8.4,6.6,,7.5,6.7,,,,,8.6,8.3,,,,0.70,6.3,6.3,2,0
PS45961,1.0,8.6,7.8,7.8,7.6,7.5,8.1,7.4,6.8,7.1,8.7,7.5,7.3,6.5,5.8,9.5,7.0,8.0,5.1,5.9,7.9,6.8,9.8,6.6,7.3,8.3,6.4,5.7,7.8,6.2,7.1,8.4,,,,0.67,5.7,7.2,1,0
PS46006,1.0,9.3,8.3,6.7,8.3,7.9,6.4,6.1,5.8,5.7,8.9,8.0,7.5,8.6,7.1,9.7,1.0,7.6,7.9,7.6,7.2,6.6,8.8,7.5,6.7,8.7,9.1,8.3,8.2,7.9,8.2,8.2,,,,0.78,5.6,7.4,2,0
PS46023,8.5,6.6,,5.7,1.3,7.6,5.3,,,,6.0,6.3,6.2,6.0,5.1,,,,3.1,2.4,0.7,5.1,5.8,6.0,0.5,,,,,,,,,,,0.57,2.1,2.2,7,2
PS46042,8.0,8.4,6.5,6.0,7.0,8.2,5.9,5.3,4.7,,7.8,5.8,5.8,6.8,6.3,7.8,5.3,5.0,5.1,3.1,6.4,5.7,7.4,5.4,4.5,5.2,5.6,6.0,,,3.7,0.5,,,,0.65,7.1,6.9,1,0
PS46048,8.0,8.4,6.5,6.0,7.0,8.2,5.9,5.3,4.7,,7.8,5.8,5.8,6.8,6.3,7.8,5.3,5.0,5.1,3.1,6.4,5.7,7.4,5.4,4.5,5.2,5.6,6.0,,,3.7,0.5,,,,0.74,6.3,5.0,1,0
PS46066,8.0,9.3,6.8,7.8,8.3,8.1,6.6,6.5,6.5,5.7,9.3,8.2,8.2,8.3,8.4,7.3,1.0,7.6,8.2,7.8,7.4,5.6,8.8,8.2,7.0,7.4,9.4,8.3,8.4,7.8,6.0,7.8,,,,0.73,5.0,5.0,1,1
PS46067,8.2,7.8,6.8,7.0,6.8,7.3,6.7,6.7,6.8,6.5,7.8,6.6,7.2,6.5,5.1,8.5,8.8,6.0,6.2,7.7,3.9,5.3,6.5,5.7,6.0,7.6,6.8,7.0,7.3,5.9,,2.2,,,,0.66,6.7,7.1,1,0
PS46081,8.2,7.8,6.8,7.0,6.8,7.3,6.7,6.7,6.8,6.5,7.8,6.6,7.2,6.5,5.1,8.5,8.8,6.0,6.2,7.7,3.9,5.3,6.5,5.7,6.0,7.6,6.8,7.0,7.3,5.9,,2.2,,,,0.78,7.4,5.5,3,0
PS46092,7.8,8.6,7.5,5.7,7.6,7.9,5.8,5.6,5.7,6.2,7.6,7.6,6.6,8.0,5.9,8.7,1.0,5.4,5.8,7.3,7.3,7.2,7.0,6.3,6.1,8.0,7.6,8.2,7.5,6.6,7.0,3.0,,,,0.70,5.0,6.8,3,1
PS46172,7.8,8.6,7.5,5.7,7.6,7.9,5.8,5.6,5.7,6.2,7.6,7.6,6.6,8.0,5.9,8.7,1.0,5.4,5.8,7.3,7.3,7.2,7.0,6.3,6.1,8.0,7.6,8.2,7.5,6.6,7.0,3.0,,,,0.67,6.0,5.6,3,0
PS46200,7.0,9.2,6.8,7.8,7.7,7.6,5.8,5.7,6.0,7.0,7.0,6.3,6.6,7.6,6.5,7.7,5.4,6.0,7.0,6.9,8.2,7.5,8.3,8.0,5.8,6.5,6.2,6.4,6.1,5.9,5.0,6.3,,,,0.69,7.0,5.4,3,1
PS46322,6.8,7.1,7.3,,6.7,,,,,,6.8,6.7,1.6,7.3,5.7,,7.6,,,,,3.1,0.5,5.5,,,,,,,,,,,,0.71,5.5,5.5,3,1
PS46368,6.8,7.1,7.3,,6.7,,,,,,6.8,6.7,1.6,7.3,5.7,,7.6,,,,,3.1,0.5,5.5,,,,,,,,,,,,0.81,5.2,6.8,3,1
PS46375,5.5,7.7,5.7,7.3,6.6,7.4,6.0,4.8,,,6.3,8.1,7.6,8.9,8.8,7.7,8.0,6.1,6.6,7.8,6.0,6.8,8.0,7.1,6.1,6.8,5.7,7.0,5.9,6.3,5.6,5.8,,,,0.77,7.0,5.8,3,0
PS46377,6.5,7.7,7.0,6.5,8.2,,7.4,6.7,7.2,7.3,7.3,6.5,6.8,8.7,6.8,7.3,0.1,,6.4,6.8,6.6,7.3,8.6,6.7,6.2,6.6,6.5,6.0,7.2,5.8,6.9,5.8,,,,0.80,6.1,6.2,1,0
PS46405,7.0,9.4,8.8,9.0,7.5,8.1,6.6,6.9,6.8,6.8,9.2,7.6,9.7,8.1,6.2,9.7,9.5,9.5,7.8,7.9,7.1,7.5,6.5,5.9,6.3,5.9,8.5,7.6,7.2,8.2,5.6,7.8,,,,0.79,6.9,6.7,2,1
PS46431,8.0,8.8,,7.5,,6.5,7.6,6.1,6.8,6.6,8.0,7.9,7.7,8.4,6.6,,7.0,1.0,,7.4,7.7,,,,,7.3,,,,,,,,,,0.81,6.1,7.1,1,1
PS46461,8.0,7.9,8.0,5.8,6.1,6.1,7.3,7.1,6.0,6.8,8.4,7.2,7.2,7.8,6.7,8.5,6.1,7.5,7.9,7.0,7.8,7.6,8.1,,7.1,6.9,,,,,8.3,7.6,,,,0.85,5.4,5.4,2,1
PS46550,8.0,7.9,8.0,5.8,6.1,6.1,7.3,7.1,6.0,6.8,8.4,7.2,7.2,7.8,6.7,8.5,6.1,7.5,7.9,7.0,7.8,7.6,8.1,,7.1,6.9,,,,,8.3,7.6,,,,0.59,6.5,7.3,1,1
PS46571,1.0,7.6,7.2,9.2,7.2,7.2,6.6,6.8,6.4,,8.3,6.7,7.0,,5.3,8.0,,5.0,,,,5.8,5.0,7.3,5.0,7.5,5.8,5.7,7.5,5.9,,,,,,0.39,6.5,3.9,2,0
PS46582,1.0,8.8,7.3,8.0,6.9,7.4,7.5,6.5,7.7,7.6,7.4,6.4,6.5,8.1,6.3,7.5,9.2,7.5,7.4,7.2,6.5,7.1,6.6,7.2,7.0,6.8,5.8,8.5,7.3,7.4,7.1,6.7,,,,0.69,5.7,6.4,3,0
PS46590,1.0,9.0,6.0,6.0,7.1,7.3,6.6,7.2,6.7,6.7,8.0,7.3,7.0,6.3,7.1,7.2,8.6,6.0,6.7,7.4,7.8,6.1,6.8,7.3,5.7,5.7,6.8,7.9,6.9,6.9,6.6,6.8,,,,0.68,7.0,7.4,3,1
PS46595,8.9,8.5,9.0,8.7,6.9,7.3,*,*,7.7,6.8,7.3,6.4,7.1,8.9,7.5,1.0,9.5,9.9,6.7,6.8,7.9,6.9,6.8,8.2,7.8,7.4,9.1,7.8,7.7,8.4,8.1,7.9,,,,0.78,7.4,6.4,2,1
PS46613,8.9,8.5,9.0,8.7,6.9,7.3,*,*,7.7,6.8,7.3,6.4,7.1,8.9,7.5,1.0,9.5,9.9,6.7,6.8,7.9,6.9,6.8,8.2,7.8,7.4,9.1,7.8,7.7,8.4,8.1,7.9,,,,0.75,6.2,6.5,3,1
PS46615,9.9,8.8,8.7,7.7,5.8,7.4,7.0,6.4,6.3,7.0,7.7,6.4,6.7,6.8,6.5,9.2,8.0,6.1,6.0,7.4,7.6,6.6,6.8,7.6,5.4,6.7,6.8,7.1,6.7,6.2,7.5,7.6,,,,0.73,6.3,6.3,2,1
PS46664,9.0,8.6,9.0,6.8,7.0,7.5,*,*,6.4,6.6,6.7,5.8,5.8,7.4,7.5,7.5,7.8,5.5,5.3,6.8,7.5,6.3,6.8,7.2,5.8,5.4,7.7,7.4,6.1,6.7,6.3,7.9,,,,0.82,5.7,6.7,2,1
PS46742,1.0,8.9,9.0,7.2,7.1,7.9,7.3,7.6,8.0,8.5,7.6,7.3,7.4,9.1,6.6,9.2,9.5,7.1,8.3,7.1,7.2,7.2,5.6,7.7,6.3,7.6,5.9,7.9,6.8,6.1,6.3,8.0,,,,0.83,5.2,6.8,1,1
PS46771,8.0,8.5,6.5,7.8,6.9,7.0,5.1,,,,7.9,6.4,4.7,6.2,5.5,8.7,5.3,7.5,5.3,6.4,6.6,6.1,8.5,5.4,5.6,6.9,6.1,5.2,6.6,5.2,6.8,5.1,,,,0.65,5.8,7.0,2,1
PS46811,6.2,8.2,1.0,7.3,5.1,1.9,,,,,6.2,5.9,5.7,6.4,,1.0,,5.8,3.1,,3.5,5.4,7.5,5.2,3.6,1.8,,,,,,,,,,0.46,3.6,7.3,3,4
PS46813,8.4,7.8,1.0,5.8,2.7,,,,,,6.0,5.6,5.7,6.5,,1.0,0.4,6.0,3.1,,3.5,5.5,8.2,5.3,3.6,,,,,,,,,,,0.55,4.7,4.0,3,4
PS46837,,8.5,8.8,8.5,,8.3,6.6,6.1,6.8,7.3,6.7,8.0,7.8,7.0,5.9,9.5,6.5,1.0,6.2,5.3,8.0,6.2,8.6,6.3,,8.6,7.2,,2.3,6.5,6.2,,,,,0.73,7.0,6.4,2,1
PS46989,7.8,8.7,7.8,5.8,7.0,6.9,7.2,6.7,6.5,6.8,9.2,7.4,7.1,8.0,7.5,8.0,9.4,8.0,6.1,7.3,6.7,7.0,8.7,6.4,5.8,6.5,9.1,8.4,9.3,6.6,7.1,6.7,,,,0.83,6.7,5.4,1,0
PS47261,9.5,9.2,7.7,,8.0,8.2,7.2,7.4,7.4,,8.9,9.1,8.6,9.1,9.1,1.0,9.9,5.8,9.2,9.4,8.5,,,,,,,,,,,,,,,0.94,8.4,8.5,0,0
PS47275,7.9,6.6,1.0,5.0,6.7,6.9,7.0,6.5,,,5.8,6.1,5.9,6.6,5.8,1.0,0.3,,,,,,,,,,,,,,,,,,,0.80,5.2,7.5,1,1
PS47290,7.8,7.2,8.5,,6.2,7.8,*,*,*,7.6,6.0,6.8,7.3,8.1,7.5,9.8,6.3,6.6,6.8,8.0,7.7,,,,,,,,,,,,,,,0.73,5.3,5.7,2,1
PS47306,0.7,2.7,,,1.4,3.4,4.8,,,,,,,,,,,,,,,,,,,,,,,,,,,,,0.50,4.5,3.0,4,1
PS47309,7.7,7.6,7.5,,7.1,8.0,7.2,7.6,7.8,,5.4,7.2,7.2,7.5,7.8,9.5,6.2,5.6,7.5,9.1,8.5,,,,,,,,,,,,,,,0.71,5.2,5.8,1,0
PS47318,8.2,7.6,7.3,,6.6,6.8,6.5,7.2,7.4,,7.0,7.2,8.3,7.2,7.1,9.7,5.3,7.3,5.9,8.4,8.2,,,,,,,,,,,,,,,0.68,6.3,6.5,2,0
PS47337,9.9,7.8,8.2,,7.0,7.9,6.0,6.3,6.4,,5.7,8.0,6.5,7.3,6.9,9.7,5.8,7.6,7.3,9.1,7.8,,,,,,,,,,,,,,,0.68,5.0,7.1,3,0
PS47346,8.4,7.4,8.2,,6.5,6.9,7.1,7.0,7.5,,7.1,7.0,7.2,6.9,6.6,1.0,6.2,6.4,6.4,8.5,7.3,,,,,,,,,,,,,,,0.81,7.4,6.6,1,1
PS47353,9.0,7.1,7.8,,7.7,5.9,6.6,6.7,6.4,,5.2,8.1,8.3,9.2,9.1,1.0,8.7,9.0,8.6,9.2,8.7,,,,,,,,,,,,,,,0.73,7.2,6.9,2,0
PS47368,8.5,6.3,7.3,,6.1,7.6,*,*,4.8,,5.7,6.8,6.6,6.7,6.0,9.5,5.2,4.6,5.8,8.2,7.4,,,,,,,,,,,,,,,0.72,6.9,5.5,3,0
PS47376,9.4,8.1,8.7,,6.3,8.4,7.0,7.1,7.8,,7.0,8.3,8.3,8.8,8.2,9.7,8.8,8.8,8.5,9.0,7.8,,,,,,,,,,,,,,,0.85,7.7,8.7,0,0
PS47378,1.0,9.2,9.3,,6.8,8.7,8.5,7.8,7.9,,8.6,8.9,8.4,9.3,8.8,9.8,6.6,8.3,8.3,9.3,8.4,,,,,,,,,,,,,,,0.92,7.7,7.7,1,0
PS47415,1.0,9.0,8.2,7.7,7.6,8.7,7.9,6.9,7.2,,8.8,9.0,8.7,9.4,8.9,9.3,8.8,8.0,9.4,8.8,9.1,,,,,,,,,,,,,,,0.92,8.1,9.3,0,0
PS47419,9.6,8.1,7.5,*,7.8,8.4,7.0,6.9,5.9,,8.4,7.4,8.1,7.7,8.3,9.8,7.8,6.8,7.0,7.7,7.8,,,,,,,,,,,,,,,0.79,7.1,6.7,3,0
PS47503,1.0,9.5,8.0,8.5,8.4,8.7,8.3,7.6,7.0,,9.3,1.0,9.0,9.4,9.0,1.0,9.3,1.0,9.3,9.0,8.8,,,,,,,,,,,,,,,0.80,6.6,6.9,1,1
PS47541,1.0,7.5,6.8,8.2,7.8,,8.6,1.1,,,9.3,7.6,8.1,8.2,7.6,5.7,7.3,,7.1,4.8,4.6,,,,,,,,,,,,,,,0.65,5.8,5.4,3,1
PS47551,,9.2,*,*,*,,*,*,*,*,,8.4,8.5,7.9,8.4,*,9.1,6.8,7.9,9.3,*,,,,,,,,,,*,*,,,,0.92,8.8,8.4,1,0
PS47574,7.2,8.6,6.5,7.3,7.3,6.2,7.2,6.3,6.8,,6.1,7.1,6.1,5.5,6.9,5.8,,1.0,3.0,3.0,3.8,1.8,0.2,,6.1,3.2,3.4,3.4,3.7,3.0,1.0,,,,,0.45,3.6,3.9,4,3
PS47581,1.0,8.2,7.3,5.8,6.6,7.9,7.9,7.7,7.9,,6.6,8.2,7.3,8.0,7.6,8.8,6.3,6.0,8.3,7.1,7.5,,,,,,,,,,,,,,,0.78,5.4,5.4,1,1
PS47622,1.0,8.5,6.3,6.8,*,6.5,9.7,8.7,9.0,8.9,7.2,7.4,7.5,7.2,5.7,8.5,5.3,5.8,5.7,6.9,*,6.1,6.4,6.2,6.2,7.3,6.1,6.1,6.5,5.4,9.3,*,,,,0.77,6.1,7.1,1,0
PS47657,9.5,9.5,1.0,8.2,7.5,7.2,7.4,7.4,,,5.9,7.3,6.6,7.5,7.4,,7.5,,6.7,,,,,,,,,,,,,,,,,0.84,5.3,6.0,2,1
PS47683,1.0,9.3,8.2,7.3,8.0,8.5,8.7,8.1,7.8,,9.5,9.5,8.3,8.9,9.2,1.0,9.8,1.0,9.4,9.0,9.1,,,,,,,,,,,,,,,0.82,5.6,7.3,1,1
PS47719,1.0,9.3,,5.8,5.7,7.5,6.8,1.1,,,8.4,6.7,1.9,3.5,4.6,6.0,,,,,,,,,,,,,,,,,,,,0.68,5.7,7.4,2,0
PS47727,8.0,9.4,7.8,6.5,7.8,8.3,6.9,,,,8.3,6.0,2.0,3.9,6.5,7.8,5.0,5.4,5.9,7.2,6.9,,,,,,,,,,,,,,,0.77,5.7,6.7,1,0
PS47768,,,,5.8,3.4,8.4,,,,,,0.7,,,,,,,,,,,,,,,,,,,,,,,,0.46,2.8,3.1,7,2
PS47803,1.0,9.1,7.2,7.0,7.7,8.7,7.7,7.2,7.5,,9.0,8.7,8.4,9.0,8.6,1.0,9.6,7.0,8.2,9.0,8.9,,,,,,,,,,,,,,,0.84,5.8,6.5,3,0
PS47826,8.6,7.7,,,7.6,6.8,6.5,6.4,,,7.9,8.6,8.1,7.8,8.2,,6.8,5.4,7.8,6.9,7.7,,,,,,,,,,,,,,,0.68,5.6,6.1,1,0
PS47855,7.3,9.1,,7.7,7.5,,6.5,7.9,,,8.6,5.9,8.3,9.0,9.5,,,,,,,,,,,,,,,,,,,,,0.71,6.8,6.1,3,1
PS47874,9.4,9.1,,7.3,8.5,,7.7,6.3,,,8.6,6.9,7.2,7.2,7.2,,,,,,,,,,,,,,,,,,,,,0.82,5.3,5.1,1,1
PS47896,8.4,,,6.2,8.2,,7.8,4.5,,,5.2,3.4,3.7,3.5,0.4,,,,,,,,,,,,,,,,,,,,,0.69,6.5,7.4,1,0
PS47947,5.6,7.6,,6.8,7.8,,5.6,,,,6.6,5.7,7.2,6.3,6.5,,,,,,,,,,,,,,,,,,,,,0.77,7.1,5.9,2,0
PS47961,5.1,8.4,,6.5,7.1,,6.2,7.6,,,7.0,5.9,7.7,,7.1,,,,,,,,,,,,,,,,,,,,,0.73,6.8,7.1,3,1
PS47986,1.0,9.2,,*,7.8,,7.2,7.7,,,9.2,8.1,8.5,7.9,9.2,,,,,,,,,,,,,,,,,,,,,0.67,5.3,7.2,2,1
PS47994,1.0,9.6,,8.8,8.0,,6.9,6.7,,,9.4,6.9,8.1,7.3,7.1,,,,,,,,,,,,,,,,,,,,,0.81,6.9,6.8,2,0
PS48023,9.4,8.8,,7.8,7.6,,7.7,7.9,,,7.5,5.7,8.3,6.9,7.1,,,,,,,,,,,,,,,,,,,,,0.89,7.2,7.0,1,0
PS48030,1.0,9.1,,*,7.8,,8.1,7.7,,,8.5,6.6,7.5,7.1,7.3,,,,,,,,,,,,,,,,,,,,,0.44,6.5,4.4,2,1
PS48034,5.9,8.8,,6.7,7.6,,5.2,,,,7.5,5.1,7.4,6.5,6.4,,,,,,,,,,,,,,,,,,,,,0.84,7.4,4.9,1,1
PS48043,1.0,8.9,,7.5,7.9,,7.4,7.1,,,8.9,7.3,7.5,6.9,6.6,,,,,,,,,,,,,,,,,,,,,0.72,7.3,6.0,1,1
PS48045,8.0,9.4,,8.0,8.0,,7.3,7.0,,,9.2,7.7,8.2,8.3,7.1,,,,,,,,,,,,,,,,,,,,,0.99,8.1,7.6,1,0
PS48061,6.5,8.9,,8.7,7.9,,7.0,7.7,,,9.2,8.0,8.4,8.6,8.8,,,,,,,,,,,,,,,,,,,,,0.96,7.6,7.9,0,0
PS48063,6.9,8.7,,5.3,7.8,,7.1,7.0,,,7.2,6.5,7.6,7.5,8.0,,,,,,,,,,,,,,,,,,,,,0.78,5.5,6.5,3,0
PS48089,5.1,,,,7.8,,,,,,,5.9,7.0,7.3,5.9,,,,,,,,,,,,,,,,,,,,,0.72,6.3,6.1,2,1
PS48141,8.3,8.5,,6.2,7.4,,5.5,4.8,,,7.1,5.4,7.3,6.5,5.9,,,,,,,,,,,,,,,,,,,,,0.81,6.9,7.1,2,1
PS48147,6.9,8.2,,6.5,7.3,,5.1,,,,6.6,,0.3,,,,,,,,,,,,,,,,,,,,,,,0.81,6.5,7.4,1,1
PS48179,1.0,9.1,,6.5,7.9,,*,*,*,8.6,8.4,6.6,7.2,7.6,7.9,,,,,,,,,,,,,,,,,,,,,0.66,7.2,6.1,3,1
PS48202,1.0,8.5,,6.8,8.5,,6.4,6.9,,,8.1,6.5,7.7,7.6,6.5,,,,,,,,,,,,,,,,,,,,,0.75,6.7,7.0,1,0
PS48223,7.4,8.1,,6.0,7.5,,5.9,1.1,,,6.6,5.6,7.4,7.2,5.0,,,,,,,,,,,,,,,,,,,,,0.73,7.1,6.5,1,1
PS48280,1.0,8.6,,8.7,8.2,,6.8,6.5,,,9.1,7.5,8.3,8.0,7.9,,,,,,,,,,,,,,,,,,,,,0.82,6.9,6.4,1,1
PS48282,6.3,9.1,,7.8,7.7,,6.8,6.8,,,7.8,5.8,8.1,7.5,7.7,,,,,,,,,,,,,,,,,,,,,0.81,5.1,7.3,1,1
PS48320,5.9,9.3,,7.7,8.7,,8.1,7.1,,,8.5,6.7,8.8,7.3,6.9,,,,,,,,,,,,,,,,,,,,,0.77,5.4,5.2,1,0
PS48348,5.0,2.3,,7.7,6.6,,3.0,,,,1.3,,,,,,,,,,,,,,,,,,,,,,,,,0.60,4.2,2.0,5,4
PS48378,5.7,8.2,,7.0,6.3,,5.8,6.5,,,6.5,6.2,8.3,8.0,8.6,,,,,,,,,,,,,,,,,,,,,0.67,6.3,7.1,1,1
PS48429,9.0,9.4,,7.8,9.0,,6.9,7.1,,,9.2,7.5,8.7,8.3,9.2,,,,,,,,,,,,,,,,,,,,,0.97,9.0,8.8,1,0
PS48438,8.4,8.7,,7.5,7.9,,*,*,*,7.3,8.3,7.2,8.5,7.5,8.2,,,,,,,,,,,,,,,,,,,,,0.73,7.3,7.3,3,0
PS48442,8.9,8.4,,6.0,7.6,,6.2,5.6,,,6.8,6.5,7.8,8.2,7.4,,,,,,,,,,,,,,,,,,,,,0.31,6.7,5.5,1,1
PS48453,8.0,9.3,,6.2,8.5,,7.1,7.0,,,7.1,3.7,8.0,7.5,6.6,,,,,,,,,,,,,,,,,,,,,0.65,7.3,5.1,2,0
PS48463,7.0,9.3,,5.7,8.9,,7.1,6.9,,,7.4,5.9,8.0,8.1,6.8,,,,,,,,,,,,,,,,,,,,,0.67,5.6,5.5,2,1
PS48467,9.6,9.4,,7.3,8.4,,7.6,7.7,,,6.2,5.5,8.2,7.0,7.2,,,,,,,,,,,,,,,,,,,,,0.69,6.0,7.3,1,0
PS48485,5.5,0.4,,6.7,7.2,,6.3,4.3,,,5.3,1.4,3.4,6.2,,,,,,,,,,,,,,,,,,,,,,0.49,3.8,2.3,4,4
PS48518,6.4,8.7,,6.3,7.3,,6.5,6.3,,,8.4,5.4,7.3,7.1,6.4,,,,,,,,,,,,,,,,,,,,,0.65,6.4,5.8,1,0
PS48558,1.0,8.6,,5.7,7.6,,7.8,6.4,,,6.1,5.8,7.8,7.1,7.2,,,,,,,,,,,,,,,,,,,,,0.72,6.0,5.9,2,1
PS48587,7.9,8.5,,7.8,8.2,,6.5,7.0,,,5.3,5.8,7.7,6.8,6.5,,,,,,,,,,,,,,,,,,,,,0.77,7.2,6.8,2,1
PS48627,1.0,8.8,,7.2,7.7,,5.8,6.8,,,9.2,7.4,8.0,7.9,7.6,,,,,,,,,,,,,,,,,,,,,0.75,5.1,6.9,2,0
PS48631,8.8,8.6,,5.8,7.7,,6.4,6.9,,,7.4,6.9,7.7,7.9,6.3,,,,,,,,,,,,,,,,,,,,,0.76,7.1,5.2,3,1
PS48638,9.8,8.8,,7.2,7.7,,6.7,7.1,,,8.5,7.8,8.5,8.0,6.8,,,,,,,,,,,,,,,,,,,,,0.78,6.1,7.4,1,1
PS48661,9.6,8.4,,6.3,6.6,,7.4,6.5,,,5.7,5.8,2.0,6.3,5.7,,,,,,,,,,,,,,,,,,,,,0.78,6.8,5.8,2,1
PS48668,1.0,8.7,1.0,7.3,7.2,,7.4,,,,7.1,6.4,7.8,6.8,4.3,9.3,,,,,,,,,,,,,,,,,,,,0.65,7.2,6.0,2,1
PS48679,7.0,9.0,,7.8,8.5,,*,*,6.1,6.5,7.4,8.0,8.5,8.3,7.3,,,,,,,,,,,,,,,,,,,,,0.85,5.7,6.8,2,0
PS48682,8.9,8.5,,7.7,7.2,,5.9,,,,6.4,5.9,6.3,7.6,5.8,,,,,,,,,,,,,,,,,,,,,0.73,6.0,7.0,2,1
PS48684,9.5,9.1,,6.2,6.6,,6.1,7.2,,,7.0,6.2,7.9,6.6,6.6,,,,,,,,,,,,,,,,,,,,,0.82,5.4,6.7,2,1
PS48720,9.4,9.5,,7.8,8.4,,6.8,7.4,,,8.4,8.8,8.6,9.1,9.6,,,,,,,,,,,,,,,,,,,,,0.88,7.9,8.1,0,0
PS48727,1.0,9.0,,8.5,8.3,,7.1,8.0,,,8.3,8.4,8.6,9.0,9.3,,,,,,,,,,,,,,,,,,,,,0.80,5.2,5.7,2,1
PS48738,8.9,8.7,,5.5,5.9,,7.1,6.6,,,7.0,6.9,8.3,7.3,6.2,,,,,,,,,,,,,,,,,,,,,0.65,5.3,7.2,3,1
PS48772,5.7,8.7,,5.7,8.8,,6.5,6.6,,,7.2,6.2,8.3,7.7,6.3,,,,,,,,,,,,,,,,,,,,,0.71,6.1,6.5,3,0
PS48789,5.9,8.5,,5.7,8.0,,5.8,6.6,,,6.0,5.3,8.1,7.2,6.1,,,,,,,,,,,,,,,,,,,,,0.66,6.9,5.7,3,0
PS48819,6.3,8.5,,6.3,6.9,,6.1,6.4,,,7.1,6.5,7.8,7.3,6.5,,,,,,,,,,,,,,,,,,,,,0.81,5.7,5.4,2,0
PS48825,9.5,8.3,,6.5,7.7,,6.1,7.2,,,7.0,6.7,7.9,4.8,3.4,,,,,,,,,,,,,,,,,,,,,0.70,6.2,7.4,1,0
PS48832,7.4,7.9,,5.7,8.2,,6.8,6.5,,,6.4,5.7,7.8,5.6,1.7,,,,,,,,,,,,,,,,,,,,,0.75,7.3,5.1,2,0
PS48833,9.4,8.8,,6.8,7.8,,6.0,6.2,,,6.3,6.2,7.8,6.5,5.7,,,,,,,,,,,,,,,,,,,,,0.77,5.8,5.9,2,0
PS48847,9.9,8.1,,6.0,7.2,,6.2,6.5,,,6.2,5.3,7.8,7.3,5.7,,,,,,,,,,,,,,,,,,,,,0.79,5.4,6.5,2,0
PS48886,6.4,9.0,,5.8,8.3,,5.5,6.3,,,6.8,6.8,8.5,8.2,6.5,,,,,,,,,,,,,,,,,,,,,0.34,6.3,7.2,1,1
PS48892,7.9,7.7,7.2,7.8,6.2,,2.7,,,,6.1,6.1,7.8,7.5,5.4,7.8,,,,,,,,,,,,,,,,,,,,0.69,5.9,7.1,2,1
PS48897,9.5,9.2,,5.5,8.0,,7.9,7.7,,,7.7,7.3,7.9,8.1,7.3,,,,,,,,,,,,,,,,,,,,,0.75,5.1,6.7,2,0
PS48911,5.2,7.9,,6.7,7.1,,6.8,6.4,,,6.2,3.1,7.6,6.8,5.5,,,,,,,,,,,,,,,,,,,,,0.81,6.3,5.5,3,0
PS48912,5.7,8.0,,,5.6,,5.3,0.9,,,5.3,1.8,2.6,2.1,1.7,,,,,,,,,,,,,,,,,,,,,0.48,3.6,3.7,3,3
PS48940,1.0,8.7,,7.0,7.5,,6.9,7.2,,,7.2,6.8,8.0,7.9,6.8,,,,,,,,,,,,,,,,,,,,,0.67,6.3,6.5,1,0
PS48975,1.0,7.8,,6.8,7.6,,6.1,,,,8.6,6.4,2.9,8.0,2.4,,,,,,,,,,,,,,,,,,,,,0.83,6.8,7.2,2,0
PS48984,1.0,9.1,,*,8.2,,7.5,7.4,,,7.1,7.1,8.4,8.1,6.6,,,,,,,,,,,,,,,,,,,,,0.79,6.4,7.3,1,0
PS49028,8.0,9.2,6.7,8.3,8.9,,7.6,6.0,7.2,,7.7,7.5,8.1,7.4,6.9,9.2,6.3,6.6,6.7,8.5,7.6,,,,,,,,,,,,,,,0.67,7.2,6.2,2,1
PS49046,9.5,8.3,,7.8,7.4,,6.0,6.2,,,6.3,6.5,6.0,7.4,7.2,,,,,,,,,,,,,,,,,,,,,0.75,7.0,5.5,3,1
PS49069,9.5,2.4,,6.0,7.1,,7.3,1.1,,,6.4,4.6,5.5,2.2,,,,,,,,,,,,,,,,,,,,,,0.77,5.8,7.2,1,0
PS49104,5.8,7.6,7.5,6.2,6.7,7.0,7.1,0.3,,,1.3,6.9,,1.2,3.1,9.2,,,,,,,,,,,,,,,,,,,,0.83,5.0,5.9,3,0
PS49108,,7.4,,,6.4,,8.5,,,,8.9,2.6,7.1,,3.1,,,,,,,,,,,,,,,,,,,,,0.72,6.0,7.4,1,0
PS49223,1.0,8.4,,*,8.7,,*,*,*,7.6,8.1,8.6,8.3,9.3,9.0,,,,,,,,,,,,,,,,,,,,,0.49,6.4,6.3,3,1
PS49257,1.0,9.5,8.0,8.5,7.9,7.2,6.5,6.9,6.4,,7.6,7.4,7.9,8.4,6.7,9.2,7.3,5.6,8.0,6.8,4.7,,,,,,,,,,,,,,,0.66,6.0,6.2,1,0
PS49298,9.5,8.6,,8.0,8.7,,*,*,6.5,7.2,7.3,6.6,8.0,8.3,7.8,,,,,,,,,,,,,,,,,,,,,0.77,6.4,7.1,3,0
PS49369,6.0,6.0,,6.2,8.3,,7.0,6.7,,,5.5,5.5,6.1,5.9,5.5,,,,,,,,,,,,,,,,,,,,,0.85,5.4,5.1,1,1
PS49380,1.0,8.7,,7.8,8.7,,*,*,7.4,7.7,9.2,9.2,7.9,8.0,9.0,,,,,,,,,,,,,,,,,,,,,0.81,6.7,6.0,2,0
PS49383,1.0,8.9,,9.0,7.6,,7.1,6.7,,,6.2,6.7,6.2,6.6,6.3,,,,,,,,,,,,,,,,,,,,,0.76,5.3,5.9,1,1
PS49483,9.5,8.1,,*,7.6,,6.9,6.2,,,6.8,7.1,6.0,7.1,6.8,,,,,,,,,,,,,,,,,,,,,0.85,6.1,6.0,1,1
PS49524,9.0,9.4,,6.3,8.6,,6.9,6.4,,,8.4,7.9,8.1,7.7,7.9,,,,,,,,,,,,,,,,,,,,,0.84,5.4,7.2,1,0
PS49549,1.0,8.4,,5.8,8.1,,*,*,7.4,7.5,6.8,7.4,6.4,7.5,6.9,,,,,,,,,,,,,,,,,,,,,0.75,6.9,6.5,2,1
PS49594,1.0,9.6,,7.5,8.2,,*,*,7.6,8.0,9.0,8.9,8.5,8.1,8.9,,,,,,,,,,,,,,,,,,,,,0.74,7.3,5.8,1,1
PS49606,1.0,1.0,9.3,6.8,8.9,,7.8,7.6,,,9.0,8.9,8.4,9.2,9.1,9.7,,,,,,,,,,,,,,,,,,,,0.79,7.1,6.7,2,0
PS49622,8.5,8.9,,6.2,8.0,,8.1,7.5,,,7.1,8.7,6.9,7.5,7.9,,,,,,,,,,,,,,,,,,,,,0.68,5.8,6.0,1,1
PS49625,1.0,8.0,,7.8,7.8,,7.6,7.4,,,6.7,7.3,6.0,7.5,6.9,,,,,,,,,,,,,,,,,,,,,0.80,5.0,5.8,3,1
PS49630,9.5,7.9,,8.5,7.1,,6.5,5.9,,,6.8,7.5,6.1,6.7,7.2,,,,,,,,,,,,,,,,,,,,,0.81,5.1,5.5,2,0
PS49632,6.0,7.1,,7.8,6.7,,6.5,5.8,,,5.7,5.9,5.7,5.4,6.5,,,,,,,,,,,,,,,,,,,,,0.72,7.1,5.4,2,0
PS49756,*,9.0,*,*,*,,*,*,*,*,6.9,7.0,6.6,6.6,6.2,*,,,,,*,,,,,,,,,,,*,,,,0.80,5.6,5.2,3,0
PS49899,1.0,,,,,6.7,7.4,,,,8.5,7.9,6.5,8.1,7.6,,,,,,,,,,,,,,,,,,,,,0.78,7.3,7.0,3,1
PS49958,1.0,8.0,8.7,,8.0,,*,*,6.4,6.8,1.0,6.8,5.8,5.8,,,,,,,7.5,,,,,,,,,,,,,,,0.82,5.5,6.6,3,0
PS50293,7.7,7.5,7.3,8.5,*,7.2,8.5,7.2,7.3,7.6,8.2,5.5,8.3,,7.6,,,,,8.8,*,,8.0,,,7.3,,,,,,*,,,,0.66,5.1,6.9,1,0
PS50320,,7.9,6.8,7.8,,7.2,6.3,,,,7.8,5.9,5.5,,7.5,,,,,7.1,,,,,,5.7,,,,,,,,,,0.73,7.2,7.2,2,1
PS50363,5.6,,5.8,7.8,6.8,6.4,6.7,6.8,,,7.8,6.5,6.3,,7.4,7.5,,,,7.1,,5.4,,,,6.9,,,,,,,,,,0.75,6.6,6.4,3,1
PS50373,8.5,8.2,,,6.6,,8.5,7.4,7.1,7.2,5.2,7.1,6.4,,6.5,,,,,6.8,,,,,,,,,,,,,,,,0.78,5.9,6.2,2,1
PS50408,9.0,9.3,7.7,7.0,7.5,7.1,7.7,7.2,,,8.8,7.8,7.7,,7.3,8.0,,,6.5,7.0,,5.7,,,,,,,,,,,,,,0.37,5.9,6.8,2,0
PS50409,9.6,8.3,7.0,7.0,6.5,6.9,7.3,8.1,6.5,,5.4,,6.7,5.9,6.8,1.0,,,,,,,7.7,,,,,,,,,,,,,0.81,5.2,6.6,3,0
PS50450,8.6,,7.3,7.8,7.3,6.4,7.5,6.4,5.7,6.6,6.9,7.3,,,,9.7,,,7.6,7.0,,6.1,7.7,,6.7,8.9,5.9,,6.4,,,,,7.0,,0.79,5.0,5.2,1,0
PS50452,9.1,8.0,6.8,9.2,8.4,7.1,8.2,6.8,6.9,6.2,6.8,7.6,8.6,,7.2,8.3,,,6.1,8.2,,,5.4,,6.9,5.6,,,,,,,,,,0.70,7.0,6.1,3,1
PS50458,6.5,8.1,8.5,6.0,6.6,7.6,8.1,8.0,7.1,,,6.3,,5.6,5.9,9.5,,,5.8,,,,7.2,,,6.9,,,,,,,,,,0.71,7.0,6.3,3,0
PS50485,1.0,8.6,6.3,,7.8,6.8,8.5,7.3,7.4,,6.7,,7.2,,,7.8,,,,,,,,,,,,,,,,,,,,0.83,5.6,7.2,1,0
PS50504,7.9,9.4,,6.7,*,,,,,,6.8,6.8,7.6,,6.5,,,,6.8,,*,6.2,,,,,6.0,,,5.7,,*,,,,0.85,5.6,5.2,3,1
PS50565,6.9,7.9,8.0,6.5,*,6.7,6.9,,,,6.0,6.0,5.8,,,8.2,,,,6.9,*,,6.1,,,6.9,,,,,,*,,,,0.68,7.0,6.3,1,1
PY00068,7.3,7.9,7.8,6.7,7.7,8.6,6.4,6.6,6.6,6.8,6.8,7.2,7.6,,3.1,9.6,,,,,8.7,,,,,,,,,,8.9,8.2,,,,0.70,7.4,6.0,3,1